2026-02-04 08:38:51 [restartedMain] INFO  c.i.p.InternshipPlacementPortalApplication - Starting InternshipPlacementPortalApplication using Java 17.0.12 with PID 456 (D:\new\Internship-Industrial-Training-Platform-main\target\classes started by Adhokshaj in D:\new\Internship-Industrial-Training-Platform-main)
2026-02-04 08:38:51 [restartedMain] DEBUG c.i.p.InternshipPlacementPortalApplication - Running with Spring Boot v3.2.2, Spring v6.1.3
2026-02-04 08:38:51 [restartedMain] INFO  c.i.p.InternshipPlacementPortalApplication - No active profile set, falling back to 1 default profile: "default"
2026-02-04 08:38:51 [restartedMain] INFO  o.s.b.d.e.DevToolsPropertyDefaultsPostProcessor - Devtools property defaults active! Set 'spring.devtools.add-properties' to 'false' to disable
2026-02-04 08:38:51 [restartedMain] INFO  o.s.b.d.e.DevToolsPropertyDefaultsPostProcessor - For additional web related logging consider setting the 'logging.level.web' property to 'DEBUG'
2026-02-04 08:38:53 [restartedMain] INFO  o.s.d.r.c.RepositoryConfigurationDelegate - Multiple Spring Data modules found, entering strict repository configuration mode
2026-02-04 08:38:53 [restartedMain] INFO  o.s.d.r.c.RepositoryConfigurationDelegate - Bootstrapping Spring Data JDBC repositories in DEFAULT mode.
2026-02-04 08:38:53 [restartedMain] INFO  o.s.d.r.c.RepositoryConfigurationExtensionSupport - Spring Data JDBC - Could not safely identify store assignment for repository candidate interface com.internship.portal.faculty.FacultyRepository; If you want this repository to be a JDBC repository, consider annotating your entities with one of these annotations: org.springframework.data.relational.core.mapping.Table.
2026-02-04 08:38:53 [restartedMain] INFO  o.s.d.r.c.RepositoryConfigurationExtensionSupport - Spring Data JDBC - Could not safely identify store assignment for repository candidate interface com.internship.portal.opportunity.application.ApplicationRepository; If you want this repository to be a JDBC repository, consider annotating your entities with one of these annotations: org.springframework.data.relational.core.mapping.Table.
2026-02-04 08:38:53 [restartedMain] INFO  o.s.d.r.c.RepositoryConfigurationExtensionSupport - Spring Data JDBC - Could not safely identify store assignment for repository candidate interface com.internship.portal.opportunity.OpportunityRepository; If you want this repository to be a JDBC repository, consider annotating your entities with one of these annotations: org.springframework.data.relational.core.mapping.Table.
2026-02-04 08:38:53 [restartedMain] INFO  o.s.d.r.c.RepositoryConfigurationExtensionSupport - Spring Data JDBC - Could not safely identify store assignment for repository candidate interface com.internship.portal.placementcell.PlacementCellRepository; If you want this repository to be a JDBC repository, consider annotating your entities with one of these annotations: org.springframework.data.relational.core.mapping.Table.
2026-02-04 08:38:53 [restartedMain] INFO  o.s.d.r.c.RepositoryConfigurationExtensionSupport - Spring Data JDBC - Could not safely identify store assignment for repository candidate interface com.internship.portal.student.StudentRepository; If you want this repository to be a JDBC repository, consider annotating your entities with one of these annotations: org.springframework.data.relational.core.mapping.Table.
2026-02-04 08:38:53 [restartedMain] INFO  o.s.d.r.c.RepositoryConfigurationExtensionSupport - Spring Data JDBC - Could not safely identify store assignment for repository candidate interface com.internship.portal.user.UserRepository; If you want this repository to be a JDBC repository, consider annotating your entities with one of these annotations: org.springframework.data.relational.core.mapping.Table.
2026-02-04 08:38:53 [restartedMain] INFO  o.s.d.r.c.RepositoryConfigurationDelegate - Finished Spring Data repository scanning in 95 ms. Found 0 JDBC repository interfaces.
2026-02-04 08:38:53 [restartedMain] INFO  o.s.d.r.c.RepositoryConfigurationDelegate - Multiple Spring Data modules found, entering strict repository configuration mode
2026-02-04 08:38:53 [restartedMain] INFO  o.s.d.r.c.RepositoryConfigurationDelegate - Bootstrapping Spring Data JPA repositories in DEFAULT mode.
2026-02-04 08:38:53 [restartedMain] INFO  o.s.d.r.c.RepositoryConfigurationDelegate - Finished Spring Data repository scanning in 54 ms. Found 6 JPA repository interfaces.
2026-02-04 08:38:55 [restartedMain] INFO  o.s.b.w.e.tomcat.TomcatWebServer - Tomcat initialized with port 8080 (http)
2026-02-04 08:38:55 [restartedMain] INFO  o.a.catalina.core.StandardService - Starting service [Tomcat]
2026-02-04 08:38:55 [restartedMain] INFO  o.a.catalina.core.StandardEngine - Starting Servlet engine: [Apache Tomcat/10.1.18]
2026-02-04 08:38:56 [restartedMain] INFO  o.a.c.c.C.[Tomcat].[localhost].[/] - Initializing Spring embedded WebApplicationContext
2026-02-04 08:38:56 [restartedMain] INFO  o.s.b.w.s.c.ServletWebServerApplicationContext - Root WebApplicationContext: initialization completed in 4771 ms
2026-02-04 08:38:57 [restartedMain] INFO  o.h.jpa.internal.util.LogHelper - HHH000204: Processing PersistenceUnitInfo [name: default]
2026-02-04 08:38:57 [restartedMain] INFO  org.hibernate.Version - HHH000412: Hibernate ORM core version 6.4.1.Final
2026-02-04 08:38:57 [restartedMain] INFO  o.h.c.i.RegionFactoryInitiator - HHH000026: Second-level cache disabled
2026-02-04 08:38:57 [restartedMain] INFO  o.s.o.j.p.SpringPersistenceUnitInfo - No LoadTimeWeaver setup: ignoring JPA class transformer
2026-02-04 08:38:57 [restartedMain] INFO  com.zaxxer.hikari.HikariDataSource - HikariPool-1 - Starting...
2026-02-04 08:38:58 [restartedMain] INFO  com.zaxxer.hikari.pool.HikariPool - HikariPool-1 - Added connection org.postgresql.jdbc.PgConnection@4301b5e3
2026-02-04 08:38:58 [restartedMain] INFO  com.zaxxer.hikari.HikariDataSource - HikariPool-1 - Start completed.
2026-02-04 08:38:58 [restartedMain] WARN  org.hibernate.orm.deprecation - HHH90000025: PostgreSQLDialect does not need to be specified explicitly using 'hibernate.dialect' (remove the property setting and it will be selected by default)
2026-02-04 08:38:59 [restartedMain] INFO  o.h.e.t.j.p.i.JtaPlatformInitiator - HHH000489: No JTA platform available (set 'hibernate.transaction.jta.platform' to enable JTA platform integration)
2026-02-04 08:38:59 [restartedMain] DEBUG org.hibernate.SQL - 
    create table applications (
        id bigserial not null,
        applied_at TIMESTAMP DEFAULT CURRENT_TIMESTAMP,
        faculty_approval_status varchar(255) not null check (faculty_approval_status in ('PENDING','APPROVED','REJECTED')),
        remarks TEXT,
        status varchar(255) not null check (status in ('APPLIED','APPROVED','REJECTED','SELECTED')),
        updated_at TIMESTAMP DEFAULT CURRENT_TIMESTAMP,
        approved_by_faculty bigint,
        opportunity_id bigint not null,
        student_id bigint not null,
        primary key (id)
    )
2026-02-04 08:38:59 [restartedMain] DEBUG org.hibernate.SQL - 
    create table faculty (
        id bigserial not null,
        created_at TIMESTAMP DEFAULT CURRENT_TIMESTAMP,
        department varchar(255) not null,
        designation varchar(255),
        employee_id varchar(255) not null,
        full_name varchar(255) not null,
        phone varchar(255),
        updated_at TIMESTAMP DEFAULT CURRENT_TIMESTAMP,
        user_id bigint not null,
        primary key (id)
    )
2026-02-04 08:38:59 [restartedMain] DEBUG org.hibernate.SQL - 
    create table opportunities (
        id bigserial not null,
        company_name varchar(255) not null,
        created_at TIMESTAMP DEFAULT CURRENT_TIMESTAMP,
        deadline date not null,
        description TEXT not null,
        duration varchar(255),
        eligible_departments TEXT,
        is_active BOOLEAN DEFAULT true,
        location varchar(255),
        number_of_openings integer,
        required_cgpa numeric(3,2),
        required_skills TEXT not null,
        stipend integer,
        title varchar(255) not null,
        type varchar(255) check (type in ('INTERNSHIP','INDUSTRIAL_TRAINING')),
        updated_at TIMESTAMP DEFAULT CURRENT_TIMESTAMP,
        work_mode varchar(255) check (work_mode in ('ONSITE','REMOTE','HYBRID')),
        posted_by bigint not null,
        primary key (id)
    )
2026-02-04 08:38:59 [restartedMain] DEBUG org.hibernate.SQL - 
    create table placement_cells (
        id bigserial not null,
        created_at TIMESTAMP DEFAULT CURRENT_TIMESTAMP,
        employee_id varchar(255) not null,
        full_name varchar(255) not null,
        is_active BOOLEAN DEFAULT true,
        phone varchar(255),
        updated_at TIMESTAMP DEFAULT CURRENT_TIMESTAMP,
        user_id bigint not null,
        primary key (id)
    )
2026-02-04 08:38:59 [restartedMain] DEBUG org.hibernate.SQL - 
    create table students (
        id bigserial not null,
        cgpa numeric(3,2),
        created_at TIMESTAMP DEFAULT CURRENT_TIMESTAMP,
        date_of_birth date,
        department varchar(255) not null,
        full_name varchar(255) not null,
        github_url varchar(255),
        is_placed BOOLEAN DEFAULT false,
        linkedin_url varchar(255),
        phone varchar(255),
        portfolio_url varchar(255),
        profile_image_url varchar(255),
        resume_url varchar(255) not null,
        roll_number varchar(255) not null,
        semester integer,
        skills TEXT,
        updated_at TIMESTAMP DEFAULT CURRENT_TIMESTAMP,
        user_id bigint not null,
        primary key (id)
    )
2026-02-04 08:38:59 [restartedMain] DEBUG org.hibernate.SQL - 
    create table users (
        id bigserial not null,
        created_at TIMESTAMP DEFAULT CURRENT_TIMESTAMP,
        email varchar(255) not null,
        is_active BOOLEAN DEFAULT true,
        is_verified BOOLEAN DEFAULT false,
        password varchar(255) not null,
        role varchar(255) not null check (role in ('STUDENT','FACULTY','PLACEMENT_CELL','ADMIN')),
        updated_at TIMESTAMP DEFAULT CURRENT_TIMESTAMP,
        primary key (id)
    )
2026-02-04 08:38:59 [restartedMain] DEBUG org.hibernate.SQL - 
    alter table if exists applications 
       drop constraint if exists UKrphqg8ct8icabo8kfplrdgm7a
2026-02-04 08:38:59 [restartedMain] WARN  o.h.e.jdbc.spi.SqlExceptionHelper - SQL Warning Code: 0, SQLState: 00000
2026-02-04 08:38:59 [restartedMain] WARN  o.h.e.jdbc.spi.SqlExceptionHelper - constraint "ukrphqg8ct8icabo8kfplrdgm7a" of relation "applications" does not exist, skipping
2026-02-04 08:38:59 [restartedMain] DEBUG org.hibernate.SQL - 
    alter table if exists applications 
       add constraint UKrphqg8ct8icabo8kfplrdgm7a unique (student_id, opportunity_id)
2026-02-04 08:38:59 [restartedMain] DEBUG org.hibernate.SQL - 
    alter table if exists faculty 
       drop constraint if exists UK_ampa1e06lnexbipr83hut0t5g
2026-02-04 08:38:59 [restartedMain] WARN  o.h.e.jdbc.spi.SqlExceptionHelper - SQL Warning Code: 0, SQLState: 00000
2026-02-04 08:38:59 [restartedMain] WARN  o.h.e.jdbc.spi.SqlExceptionHelper - constraint "uk_ampa1e06lnexbipr83hut0t5g" of relation "faculty" does not exist, skipping
2026-02-04 08:38:59 [restartedMain] DEBUG org.hibernate.SQL - 
    alter table if exists faculty 
       add constraint UK_ampa1e06lnexbipr83hut0t5g unique (employee_id)
2026-02-04 08:38:59 [restartedMain] DEBUG org.hibernate.SQL - 
    alter table if exists faculty 
       drop constraint if exists UK_3eea1r6n844u6vn4qae7dix4
2026-02-04 08:38:59 [restartedMain] WARN  o.h.e.jdbc.spi.SqlExceptionHelper - SQL Warning Code: 0, SQLState: 00000
2026-02-04 08:38:59 [restartedMain] WARN  o.h.e.jdbc.spi.SqlExceptionHelper - constraint "uk_3eea1r6n844u6vn4qae7dix4" of relation "faculty" does not exist, skipping
2026-02-04 08:38:59 [restartedMain] DEBUG org.hibernate.SQL - 
    alter table if exists faculty 
       add constraint UK_3eea1r6n844u6vn4qae7dix4 unique (user_id)
2026-02-04 08:38:59 [restartedMain] DEBUG org.hibernate.SQL - 
    alter table if exists placement_cells 
       drop constraint if exists UK_slhe70kdai0os65pgev8d3mik
2026-02-04 08:38:59 [restartedMain] WARN  o.h.e.jdbc.spi.SqlExceptionHelper - SQL Warning Code: 0, SQLState: 00000
2026-02-04 08:38:59 [restartedMain] WARN  o.h.e.jdbc.spi.SqlExceptionHelper - constraint "uk_slhe70kdai0os65pgev8d3mik" of relation "placement_cells" does not exist, skipping
2026-02-04 08:38:59 [restartedMain] DEBUG org.hibernate.SQL - 
    alter table if exists placement_cells 
       add constraint UK_slhe70kdai0os65pgev8d3mik unique (employee_id)
2026-02-04 08:38:59 [restartedMain] DEBUG org.hibernate.SQL - 
    alter table if exists placement_cells 
       drop constraint if exists UK_brtc95kxv45mwfw3y4keo85i3
2026-02-04 08:38:59 [restartedMain] WARN  o.h.e.jdbc.spi.SqlExceptionHelper - SQL Warning Code: 0, SQLState: 00000
2026-02-04 08:38:59 [restartedMain] WARN  o.h.e.jdbc.spi.SqlExceptionHelper - constraint "uk_brtc95kxv45mwfw3y4keo85i3" of relation "placement_cells" does not exist, skipping
2026-02-04 08:38:59 [restartedMain] DEBUG org.hibernate.SQL - 
    alter table if exists placement_cells 
       add constraint UK_brtc95kxv45mwfw3y4keo85i3 unique (user_id)
2026-02-04 08:38:59 [restartedMain] DEBUG org.hibernate.SQL - 
    alter table if exists students 
       drop constraint if exists UK_kmd86jf46110c60b412tjt2bg
2026-02-04 08:38:59 [restartedMain] WARN  o.h.e.jdbc.spi.SqlExceptionHelper - SQL Warning Code: 0, SQLState: 00000
2026-02-04 08:38:59 [restartedMain] WARN  o.h.e.jdbc.spi.SqlExceptionHelper - constraint "uk_kmd86jf46110c60b412tjt2bg" of relation "students" does not exist, skipping
2026-02-04 08:38:59 [restartedMain] DEBUG org.hibernate.SQL - 
    alter table if exists students 
       add constraint UK_kmd86jf46110c60b412tjt2bg unique (roll_number)
2026-02-04 08:38:59 [restartedMain] DEBUG org.hibernate.SQL - 
    alter table if exists students 
       drop constraint if exists UK_g4fwvutq09fjdlb4bb0byp7t
2026-02-04 08:38:59 [restartedMain] WARN  o.h.e.jdbc.spi.SqlExceptionHelper - SQL Warning Code: 0, SQLState: 00000
2026-02-04 08:38:59 [restartedMain] WARN  o.h.e.jdbc.spi.SqlExceptionHelper - constraint "uk_g4fwvutq09fjdlb4bb0byp7t" of relation "students" does not exist, skipping
2026-02-04 08:38:59 [restartedMain] DEBUG org.hibernate.SQL - 
    alter table if exists students 
       add constraint UK_g4fwvutq09fjdlb4bb0byp7t unique (user_id)
2026-02-04 08:38:59 [restartedMain] DEBUG org.hibernate.SQL - 
    alter table if exists users 
       drop constraint if exists UK_6dotkott2kjsp8vw4d0m25fb7
2026-02-04 08:38:59 [restartedMain] WARN  o.h.e.jdbc.spi.SqlExceptionHelper - SQL Warning Code: 0, SQLState: 00000
2026-02-04 08:38:59 [restartedMain] WARN  o.h.e.jdbc.spi.SqlExceptionHelper - constraint "uk_6dotkott2kjsp8vw4d0m25fb7" of relation "users" does not exist, skipping
2026-02-04 08:38:59 [restartedMain] DEBUG org.hibernate.SQL - 
    alter table if exists users 
       add constraint UK_6dotkott2kjsp8vw4d0m25fb7 unique (email)
2026-02-04 08:38:59 [restartedMain] DEBUG org.hibernate.SQL - 
    alter table if exists applications 
       add constraint FK75saf423j9e7dru32k711xk0h 
       foreign key (approved_by_faculty) 
       references faculty
2026-02-04 08:38:59 [restartedMain] DEBUG org.hibernate.SQL - 
    alter table if exists applications 
       add constraint FK4i8k4h9dvh5yyy6iyns6txx92 
       foreign key (opportunity_id) 
       references opportunities
2026-02-04 08:38:59 [restartedMain] DEBUG org.hibernate.SQL - 
    alter table if exists applications 
       add constraint FKbxjuiec753shgoyw6x0l8opn8 
       foreign key (student_id) 
       references students
2026-02-04 08:38:59 [restartedMain] DEBUG org.hibernate.SQL - 
    alter table if exists faculty 
       add constraint FKfakwwhqpm5bahy2do8t30j58r 
       foreign key (user_id) 
       references users
2026-02-04 08:38:59 [restartedMain] DEBUG org.hibernate.SQL - 
    alter table if exists opportunities 
       add constraint FKsacf438991vdj0va0msa2al5b 
       foreign key (posted_by) 
       references users
2026-02-04 08:38:59 [restartedMain] DEBUG org.hibernate.SQL - 
    alter table if exists placement_cells 
       add constraint FK8cehu4du4u54ggnbksqjdqxo1 
       foreign key (user_id) 
       references users
2026-02-04 08:38:59 [restartedMain] DEBUG org.hibernate.SQL - 
    alter table if exists students 
       add constraint FKdt1cjx5ve5bdabmuuf3ibrwaq 
       foreign key (user_id) 
       references users
2026-02-04 08:38:59 [restartedMain] INFO  o.s.o.j.LocalContainerEntityManagerFactoryBean - Initialized JPA EntityManagerFactory for persistence unit 'default'
2026-02-04 08:39:00 [restartedMain] DEBUG c.i.p.s.JwtAuthenticationFilter - Filter 'jwtAuthenticationFilter' configured for use
2026-02-04 08:39:00 [restartedMain] DEBUG o.s.w.f.ServerHttpObservationFilter - Filter 'webMvcObservationFilter' configured for use
2026-02-04 08:39:01 [restartedMain] INFO  c.i.p.service.FileStorageService - File storage directories created successfully
2026-02-04 08:39:01 [restartedMain] WARN  o.s.b.a.o.j.JpaBaseConfiguration$JpaWebConfiguration - spring.jpa.open-in-view is enabled by default. Therefore, database queries may be performed during view rendering. Explicitly configure spring.jpa.open-in-view to disable this warning
2026-02-04 08:39:02 [restartedMain] DEBUG o.s.w.s.m.m.a.RequestMappingHandlerMapping - 34 mappings in 'requestMappingHandlerMapping'
2026-02-04 08:39:02 [restartedMain] DEBUG o.s.w.s.h.SimpleUrlHandlerMapping - Patterns [/webjars/**, /**, /swagger-ui*/*swagger-initializer.js, /swagger-ui*/**] in 'resourceHandlerMapping'
2026-02-04 08:39:03 [restartedMain] INFO  o.s.b.a.e.web.EndpointLinksResolver - Exposing 3 endpoint(s) beneath base path '/actuator'
2026-02-04 08:39:03 [restartedMain] INFO  o.s.s.web.DefaultSecurityFilterChain - Will secure any request with [org.springframework.security.web.session.DisableEncodeUrlFilter@48847bb7, org.springframework.security.web.context.request.async.WebAsyncManagerIntegrationFilter@5da49d4b, org.springframework.security.web.context.SecurityContextHolderFilter@e1a5260, org.springframework.security.web.header.HeaderWriterFilter@3f12c3bf, org.springframework.web.filter.CorsFilter@272ad6c7, org.springframework.web.filter.CorsFilter@8525011, org.springframework.security.web.authentication.logout.LogoutFilter@31cdbacc, com.internship.portal.security.JwtAuthenticationFilter@6be885e9, org.springframework.security.web.savedrequest.RequestCacheAwareFilter@628949e7, org.springframework.security.web.servletapi.SecurityContextHolderAwareRequestFilter@45d349f2, org.springframework.security.web.authentication.AnonymousAuthenticationFilter@6360cb6f, org.springframework.security.web.session.SessionManagementFilter@17c57b9d, org.springframework.security.web.access.ExceptionTranslationFilter@4e92cda7, org.springframework.security.web.access.intercept.AuthorizationFilter@34cfc630]
2026-02-04 08:39:03 [restartedMain] DEBUG o.s.w.s.m.m.a.RequestMappingHandlerAdapter - ControllerAdvice beans: 0 @ModelAttribute, 0 @InitBinder, 1 RequestBodyAdvice, 1 ResponseBodyAdvice
2026-02-04 08:39:03 [restartedMain] DEBUG o.s.w.s.m.m.a.ExceptionHandlerExceptionResolver - ControllerAdvice beans: 2 @ExceptionHandler, 1 ResponseBodyAdvice
2026-02-04 08:39:04 [restartedMain] INFO  o.s.b.d.a.OptionalLiveReloadServer - LiveReload server is running on port 35729
2026-02-04 08:39:04 [restartedMain] INFO  o.s.b.w.e.tomcat.TomcatWebServer - Tomcat started on port 8080 (http) with context path ''
2026-02-04 08:39:04 [restartedMain] INFO  c.i.p.InternshipPlacementPortalApplication - Started InternshipPlacementPortalApplication in 14.125 seconds (process running for 14.652)
2026-02-04 08:39:43 [http-nio-8080-exec-1] INFO  o.a.c.c.C.[Tomcat].[localhost].[/] - Initializing Spring DispatcherServlet 'dispatcherServlet'
2026-02-04 08:39:43 [http-nio-8080-exec-1] INFO  o.s.web.servlet.DispatcherServlet - Initializing Servlet 'dispatcherServlet'
2026-02-04 08:39:43 [http-nio-8080-exec-1] DEBUG o.s.web.servlet.DispatcherServlet - Detected StandardServletMultipartResolver
2026-02-04 08:39:43 [http-nio-8080-exec-1] DEBUG o.s.web.servlet.DispatcherServlet - Detected AcceptHeaderLocaleResolver
2026-02-04 08:39:43 [http-nio-8080-exec-1] DEBUG o.s.web.servlet.DispatcherServlet - Detected FixedThemeResolver
2026-02-04 08:39:43 [http-nio-8080-exec-1] DEBUG o.s.web.servlet.DispatcherServlet - Detected org.springframework.web.servlet.view.DefaultRequestToViewNameTranslator@f4bc8cf
2026-02-04 08:39:43 [http-nio-8080-exec-1] DEBUG o.s.web.servlet.DispatcherServlet - Detected org.springframework.web.servlet.support.SessionFlashMapManager@2fac888
2026-02-04 08:39:43 [http-nio-8080-exec-1] DEBUG o.s.web.servlet.DispatcherServlet - enableLoggingRequestDetails='false': request parameters and headers will be masked to prevent unsafe logging of potentially sensitive data
2026-02-04 08:39:43 [http-nio-8080-exec-1] INFO  o.s.web.servlet.DispatcherServlet - Completed initialization in 4 ms
2026-02-04 08:39:43 [http-nio-8080-exec-1] DEBUG o.s.security.web.FilterChainProxy - Securing GET /
2026-02-04 08:39:43 [http-nio-8080-exec-1] DEBUG o.s.s.w.a.AnonymousAuthenticationFilter - Set SecurityContextHolder to anonymous SecurityContext
2026-02-04 08:39:43 [http-nio-8080-exec-1] ERROR c.i.p.s.JwtAuthenticationEntryPoint - Unauthorized error: Full authentication is required to access this resource
2026-02-04 08:39:43 [http-nio-8080-exec-2] DEBUG o.s.security.web.FilterChainProxy - Securing GET /favicon.ico
2026-02-04 08:39:43 [http-nio-8080-exec-2] DEBUG o.s.s.w.a.AnonymousAuthenticationFilter - Set SecurityContextHolder to anonymous SecurityContext
2026-02-04 08:39:43 [http-nio-8080-exec-2] ERROR c.i.p.s.JwtAuthenticationEntryPoint - Unauthorized error: Full authentication is required to access this resource
2026-02-04 08:40:00 [http-nio-8080-exec-3] DEBUG o.s.security.web.FilterChainProxy - Securing GET /swagger-ui.html
2026-02-04 08:40:00 [http-nio-8080-exec-3] DEBUG o.s.s.w.a.AnonymousAuthenticationFilter - Set SecurityContextHolder to anonymous SecurityContext
2026-02-04 08:40:00 [http-nio-8080-exec-3] DEBUG o.s.security.web.FilterChainProxy - Secured GET /swagger-ui.html
2026-02-04 08:40:00 [http-nio-8080-exec-3] DEBUG o.s.web.servlet.DispatcherServlet - GET "/swagger-ui.html", parameters={}
2026-02-04 08:40:00 [http-nio-8080-exec-3] DEBUG o.s.w.s.m.m.a.RequestMappingHandlerMapping - Mapped to org.springdoc.webmvc.ui.SwaggerWelcomeWebMvc#redirectToUi(HttpServletRequest)
2026-02-04 08:40:00 [http-nio-8080-exec-3] DEBUG o.s.w.s.m.m.a.HttpEntityMethodProcessor - Using 'application/json;q=0.8', given [text/html, application/xhtml+xml, image/avif, image/webp, image/apng, application/xml;q=0.9, */*;q=0.8, application/signed-exchange;v=b3;q=0.7] and supported [application/json, application/*+json]
2026-02-04 08:40:00 [http-nio-8080-exec-3] DEBUG o.s.w.s.m.m.a.HttpEntityMethodProcessor - Nothing to write: null body
2026-02-04 08:40:00 [http-nio-8080-exec-3] DEBUG o.s.web.servlet.DispatcherServlet - Completed 302 FOUND
2026-02-04 08:40:00 [http-nio-8080-exec-4] DEBUG o.s.security.web.FilterChainProxy - Securing GET /swagger-ui/index.html
2026-02-04 08:40:00 [http-nio-8080-exec-4] DEBUG o.s.s.w.a.AnonymousAuthenticationFilter - Set SecurityContextHolder to anonymous SecurityContext
2026-02-04 08:40:00 [http-nio-8080-exec-4] DEBUG o.s.security.web.FilterChainProxy - Secured GET /swagger-ui/index.html
2026-02-04 08:40:00 [http-nio-8080-exec-4] DEBUG o.s.web.servlet.DispatcherServlet - GET "/swagger-ui/index.html", parameters={}
2026-02-04 08:40:00 [http-nio-8080-exec-4] DEBUG o.s.w.s.h.SimpleUrlHandlerMapping - Mapped to ResourceHttpRequestHandler [classpath [META-INF/resources/webjars/]]
2026-02-04 08:40:00 [http-nio-8080-exec-4] DEBUG o.s.web.servlet.DispatcherServlet - Completed 200 OK
2026-02-04 08:40:00 [http-nio-8080-exec-5] DEBUG o.s.security.web.FilterChainProxy - Securing GET /swagger-ui/swagger-ui.css
2026-02-04 08:40:00 [http-nio-8080-exec-7] DEBUG o.s.security.web.FilterChainProxy - Securing GET /swagger-ui/swagger-ui-bundle.js
2026-02-04 08:40:00 [http-nio-8080-exec-9] DEBUG o.s.security.web.FilterChainProxy - Securing GET /swagger-ui/swagger-initializer.js
2026-02-04 08:40:00 [http-nio-8080-exec-6] DEBUG o.s.security.web.FilterChainProxy - Securing GET /swagger-ui/index.css
2026-02-04 08:40:00 [http-nio-8080-exec-8] DEBUG o.s.security.web.FilterChainProxy - Securing GET /swagger-ui/swagger-ui-standalone-preset.js
2026-02-04 08:40:00 [http-nio-8080-exec-5] DEBUG o.s.s.w.a.AnonymousAuthenticationFilter - Set SecurityContextHolder to anonymous SecurityContext
2026-02-04 08:40:00 [http-nio-8080-exec-7] DEBUG o.s.s.w.a.AnonymousAuthenticationFilter - Set SecurityContextHolder to anonymous SecurityContext
2026-02-04 08:40:00 [http-nio-8080-exec-9] DEBUG o.s.s.w.a.AnonymousAuthenticationFilter - Set SecurityContextHolder to anonymous SecurityContext
2026-02-04 08:40:00 [http-nio-8080-exec-6] DEBUG o.s.s.w.a.AnonymousAuthenticationFilter - Set SecurityContextHolder to anonymous SecurityContext
2026-02-04 08:40:00 [http-nio-8080-exec-8] DEBUG o.s.s.w.a.AnonymousAuthenticationFilter - Set SecurityContextHolder to anonymous SecurityContext
2026-02-04 08:40:00 [http-nio-8080-exec-6] DEBUG o.s.security.web.FilterChainProxy - Secured GET /swagger-ui/index.css
2026-02-04 08:40:00 [http-nio-8080-exec-7] DEBUG o.s.security.web.FilterChainProxy - Secured GET /swagger-ui/swagger-ui-bundle.js
2026-02-04 08:40:00 [http-nio-8080-exec-9] DEBUG o.s.security.web.FilterChainProxy - Secured GET /swagger-ui/swagger-initializer.js
2026-02-04 08:40:00 [http-nio-8080-exec-5] DEBUG o.s.security.web.FilterChainProxy - Secured GET /swagger-ui/swagger-ui.css
2026-02-04 08:40:00 [http-nio-8080-exec-6] DEBUG o.s.web.servlet.DispatcherServlet - GET "/swagger-ui/index.css", parameters={}
2026-02-04 08:40:00 [http-nio-8080-exec-8] DEBUG o.s.security.web.FilterChainProxy - Secured GET /swagger-ui/swagger-ui-standalone-preset.js
2026-02-04 08:40:00 [http-nio-8080-exec-9] DEBUG o.s.web.servlet.DispatcherServlet - GET "/swagger-ui/swagger-initializer.js", parameters={}
2026-02-04 08:40:00 [http-nio-8080-exec-7] DEBUG o.s.web.servlet.DispatcherServlet - GET "/swagger-ui/swagger-ui-bundle.js", parameters={}
2026-02-04 08:40:00 [http-nio-8080-exec-5] DEBUG o.s.web.servlet.DispatcherServlet - GET "/swagger-ui/swagger-ui.css", parameters={}
2026-02-04 08:40:00 [http-nio-8080-exec-8] DEBUG o.s.web.servlet.DispatcherServlet - GET "/swagger-ui/swagger-ui-standalone-preset.js", parameters={}
2026-02-04 08:40:00 [http-nio-8080-exec-7] DEBUG o.s.w.s.h.SimpleUrlHandlerMapping - Mapped to ResourceHttpRequestHandler [classpath [META-INF/resources/webjars/]]
2026-02-04 08:40:00 [http-nio-8080-exec-9] DEBUG o.s.w.s.h.SimpleUrlHandlerMapping - Mapped to ResourceHttpRequestHandler [classpath [META-INF/resources/webjars/]]
2026-02-04 08:40:00 [http-nio-8080-exec-6] DEBUG o.s.w.s.h.SimpleUrlHandlerMapping - Mapped to ResourceHttpRequestHandler [classpath [META-INF/resources/webjars/]]
2026-02-04 08:40:00 [http-nio-8080-exec-5] DEBUG o.s.w.s.h.SimpleUrlHandlerMapping - Mapped to ResourceHttpRequestHandler [classpath [META-INF/resources/webjars/]]
2026-02-04 08:40:00 [http-nio-8080-exec-8] DEBUG o.s.w.s.h.SimpleUrlHandlerMapping - Mapped to ResourceHttpRequestHandler [classpath [META-INF/resources/webjars/]]
2026-02-04 08:40:00 [http-nio-8080-exec-6] DEBUG o.s.web.servlet.DispatcherServlet - Completed 200 OK
2026-02-04 08:40:00 [http-nio-8080-exec-5] DEBUG o.s.web.servlet.DispatcherServlet - Completed 200 OK
2026-02-04 08:40:00 [http-nio-8080-exec-8] DEBUG o.s.web.servlet.DispatcherServlet - Completed 200 OK
2026-02-04 08:40:00 [http-nio-8080-exec-7] DEBUG o.s.web.servlet.DispatcherServlet - Completed 200 OK
2026-02-04 08:40:00 [http-nio-8080-exec-9] DEBUG o.s.web.servlet.DispatcherServlet - Completed 200 OK
2026-02-04 08:40:00 [http-nio-8080-exec-10] DEBUG o.s.security.web.FilterChainProxy - Securing GET /api-docs/swagger-config
2026-02-04 08:40:00 [http-nio-8080-exec-1] DEBUG o.s.security.web.FilterChainProxy - Securing GET /swagger-ui/favicon-32x32.png
2026-02-04 08:40:00 [http-nio-8080-exec-10] DEBUG o.s.s.w.a.AnonymousAuthenticationFilter - Set SecurityContextHolder to anonymous SecurityContext
2026-02-04 08:40:00 [http-nio-8080-exec-10] DEBUG o.s.security.web.FilterChainProxy - Secured GET /api-docs/swagger-config
2026-02-04 08:40:00 [http-nio-8080-exec-1] DEBUG o.s.s.w.a.AnonymousAuthenticationFilter - Set SecurityContextHolder to anonymous SecurityContext
2026-02-04 08:40:00 [http-nio-8080-exec-10] DEBUG o.s.web.servlet.DispatcherServlet - GET "/api-docs/swagger-config", parameters={}
2026-02-04 08:40:00 [http-nio-8080-exec-1] DEBUG o.s.security.web.FilterChainProxy - Secured GET /swagger-ui/favicon-32x32.png
2026-02-04 08:40:00 [http-nio-8080-exec-10] DEBUG o.s.w.s.m.m.a.RequestMappingHandlerMapping - Mapped to org.springdoc.webmvc.ui.SwaggerConfigResource#openapiJson(HttpServletRequest)
2026-02-04 08:40:00 [http-nio-8080-exec-1] DEBUG o.s.web.servlet.DispatcherServlet - GET "/swagger-ui/favicon-32x32.png", parameters={}
2026-02-04 08:40:00 [http-nio-8080-exec-1] DEBUG o.s.w.s.h.SimpleUrlHandlerMapping - Mapped to ResourceHttpRequestHandler [classpath [META-INF/resources/webjars/]]
2026-02-04 08:40:00 [http-nio-8080-exec-1] DEBUG o.s.web.servlet.DispatcherServlet - Completed 200 OK
2026-02-04 08:40:00 [http-nio-8080-exec-10] DEBUG o.s.w.s.m.m.a.RequestResponseBodyMethodProcessor - Using 'application/json', given [*/*] and supported [application/json]
2026-02-04 08:40:00 [http-nio-8080-exec-10] DEBUG o.s.w.s.m.m.a.RequestResponseBodyMethodProcessor - Writing [{configUrl=/api-docs/swagger-config, oauth2RedirectUrl=http://localhost:8080/swagger-ui/oauth2-redir (truncated)...]
2026-02-04 08:40:00 [http-nio-8080-exec-10] DEBUG o.s.web.servlet.DispatcherServlet - Completed 200 OK
2026-02-04 08:40:00 [http-nio-8080-exec-2] DEBUG o.s.security.web.FilterChainProxy - Securing GET /api-docs
2026-02-04 08:40:00 [http-nio-8080-exec-2] DEBUG o.s.s.w.a.AnonymousAuthenticationFilter - Set SecurityContextHolder to anonymous SecurityContext
2026-02-04 08:40:00 [http-nio-8080-exec-2] DEBUG o.s.security.web.FilterChainProxy - Secured GET /api-docs
2026-02-04 08:40:00 [http-nio-8080-exec-2] DEBUG o.s.web.servlet.DispatcherServlet - GET "/api-docs", parameters={}
2026-02-04 08:40:00 [http-nio-8080-exec-2] DEBUG o.s.w.s.m.m.a.RequestMappingHandlerMapping - Mapped to org.springdoc.webmvc.api.OpenApiWebMvcResource#openapiJson(HttpServletRequest, String, Locale)
2026-02-04 08:40:02 [http-nio-8080-exec-2] INFO  o.s.api.AbstractOpenApiResource - Init duration for springdoc-openapi is: 1600 ms
2026-02-04 08:40:02 [http-nio-8080-exec-2] DEBUG o.s.w.s.m.m.a.RequestResponseBodyMethodProcessor - Using 'application/json', given [application/json, */*] and supported [application/json]
2026-02-04 08:40:02 [http-nio-8080-exec-2] DEBUG o.s.w.s.m.m.a.RequestResponseBodyMethodProcessor - Writing [{123, 34, 111, 112, 101, 110, 97, 112, 105, 34, 58, 34, 51, 46, 48, 46, 49, 34, 44, 34, 105, 110, 10 (truncated)...]
2026-02-04 08:40:02 [http-nio-8080-exec-2] DEBUG o.s.web.servlet.DispatcherServlet - Completed 200 OK
2026-02-04 08:40:50 [http-nio-8080-exec-3] DEBUG o.s.security.web.FilterChainProxy - Securing GET /swagger-ui/index.html
2026-02-04 08:40:50 [http-nio-8080-exec-3] DEBUG o.s.s.w.a.AnonymousAuthenticationFilter - Set SecurityContextHolder to anonymous SecurityContext
2026-02-04 08:40:50 [http-nio-8080-exec-3] DEBUG o.s.security.web.FilterChainProxy - Secured GET /swagger-ui/index.html
2026-02-04 08:40:50 [http-nio-8080-exec-3] DEBUG o.s.web.servlet.DispatcherServlet - GET "/swagger-ui/index.html", parameters={}
2026-02-04 08:40:50 [http-nio-8080-exec-3] DEBUG o.s.w.s.h.SimpleUrlHandlerMapping - Mapped to ResourceHttpRequestHandler [classpath [META-INF/resources/webjars/]]
2026-02-04 08:40:50 [http-nio-8080-exec-3] DEBUG o.s.web.servlet.DispatcherServlet - Completed 200 OK
2026-02-04 08:40:50 [http-nio-8080-exec-4] DEBUG o.s.security.web.FilterChainProxy - Securing GET /swagger-ui/swagger-ui.css
2026-02-04 08:40:50 [http-nio-8080-exec-4] DEBUG o.s.s.w.a.AnonymousAuthenticationFilter - Set SecurityContextHolder to anonymous SecurityContext
2026-02-04 08:40:50 [http-nio-8080-exec-4] DEBUG o.s.security.web.FilterChainProxy - Secured GET /swagger-ui/swagger-ui.css
2026-02-04 08:40:50 [http-nio-8080-exec-4] DEBUG o.s.web.servlet.DispatcherServlet - GET "/swagger-ui/swagger-ui.css", parameters={}
2026-02-04 08:40:50 [http-nio-8080-exec-6] DEBUG o.s.security.web.FilterChainProxy - Securing GET /swagger-ui/index.css
2026-02-04 08:40:50 [http-nio-8080-exec-8] DEBUG o.s.security.web.FilterChainProxy - Securing GET /swagger-ui/swagger-ui-standalone-preset.js
2026-02-04 08:40:50 [http-nio-8080-exec-5] DEBUG o.s.security.web.FilterChainProxy - Securing GET /swagger-ui/swagger-ui-bundle.js
2026-02-04 08:40:50 [http-nio-8080-exec-7] DEBUG o.s.security.web.FilterChainProxy - Securing GET /swagger-ui/swagger-initializer.js
2026-02-04 08:40:50 [http-nio-8080-exec-4] DEBUG o.s.w.s.h.SimpleUrlHandlerMapping - Mapped to ResourceHttpRequestHandler [classpath [META-INF/resources/webjars/]]
2026-02-04 08:40:50 [http-nio-8080-exec-7] DEBUG o.s.s.w.a.AnonymousAuthenticationFilter - Set SecurityContextHolder to anonymous SecurityContext
2026-02-04 08:40:50 [http-nio-8080-exec-8] DEBUG o.s.s.w.a.AnonymousAuthenticationFilter - Set SecurityContextHolder to anonymous SecurityContext
2026-02-04 08:40:50 [http-nio-8080-exec-6] DEBUG o.s.s.w.a.AnonymousAuthenticationFilter - Set SecurityContextHolder to anonymous SecurityContext
2026-02-04 08:40:50 [http-nio-8080-exec-5] DEBUG o.s.s.w.a.AnonymousAuthenticationFilter - Set SecurityContextHolder to anonymous SecurityContext
2026-02-04 08:40:50 [http-nio-8080-exec-8] DEBUG o.s.security.web.FilterChainProxy - Secured GET /swagger-ui/swagger-ui-standalone-preset.js
2026-02-04 08:40:50 [http-nio-8080-exec-7] DEBUG o.s.security.web.FilterChainProxy - Secured GET /swagger-ui/swagger-initializer.js
2026-02-04 08:40:50 [http-nio-8080-exec-5] DEBUG o.s.security.web.FilterChainProxy - Secured GET /swagger-ui/swagger-ui-bundle.js
2026-02-04 08:40:50 [http-nio-8080-exec-6] DEBUG o.s.security.web.FilterChainProxy - Secured GET /swagger-ui/index.css
2026-02-04 08:40:50 [http-nio-8080-exec-8] DEBUG o.s.web.servlet.DispatcherServlet - GET "/swagger-ui/swagger-ui-standalone-preset.js", parameters={}
2026-02-04 08:40:50 [http-nio-8080-exec-6] DEBUG o.s.web.servlet.DispatcherServlet - GET "/swagger-ui/index.css", parameters={}
2026-02-04 08:40:50 [http-nio-8080-exec-7] DEBUG o.s.web.servlet.DispatcherServlet - GET "/swagger-ui/swagger-initializer.js", parameters={}
2026-02-04 08:40:50 [http-nio-8080-exec-5] DEBUG o.s.web.servlet.DispatcherServlet - GET "/swagger-ui/swagger-ui-bundle.js", parameters={}
2026-02-04 08:40:50 [http-nio-8080-exec-6] DEBUG o.s.w.s.h.SimpleUrlHandlerMapping - Mapped to ResourceHttpRequestHandler [classpath [META-INF/resources/webjars/]]
2026-02-04 08:40:50 [http-nio-8080-exec-8] DEBUG o.s.w.s.h.SimpleUrlHandlerMapping - Mapped to ResourceHttpRequestHandler [classpath [META-INF/resources/webjars/]]
2026-02-04 08:40:50 [http-nio-8080-exec-5] DEBUG o.s.w.s.h.SimpleUrlHandlerMapping - Mapped to ResourceHttpRequestHandler [classpath [META-INF/resources/webjars/]]
2026-02-04 08:40:50 [http-nio-8080-exec-7] DEBUG o.s.w.s.h.SimpleUrlHandlerMapping - Mapped to ResourceHttpRequestHandler [classpath [META-INF/resources/webjars/]]
2026-02-04 08:40:50 [http-nio-8080-exec-4] DEBUG o.s.web.servlet.DispatcherServlet - Completed 200 OK
2026-02-04 08:40:50 [http-nio-8080-exec-6] DEBUG o.s.web.servlet.DispatcherServlet - Completed 200 OK
2026-02-04 08:40:50 [http-nio-8080-exec-7] DEBUG o.s.web.servlet.DispatcherServlet - Completed 200 OK
2026-02-04 08:40:50 [http-nio-8080-exec-8] DEBUG o.s.web.servlet.DispatcherServlet - Completed 200 OK
2026-02-04 08:40:50 [http-nio-8080-exec-5] DEBUG o.s.web.servlet.DispatcherServlet - Completed 200 OK
2026-02-04 08:40:50 [http-nio-8080-exec-9] DEBUG o.s.security.web.FilterChainProxy - Securing GET /api-docs/swagger-config
2026-02-04 08:40:50 [http-nio-8080-exec-9] DEBUG o.s.s.w.a.AnonymousAuthenticationFilter - Set SecurityContextHolder to anonymous SecurityContext
2026-02-04 08:40:50 [http-nio-8080-exec-9] DEBUG o.s.security.web.FilterChainProxy - Secured GET /api-docs/swagger-config
2026-02-04 08:40:50 [http-nio-8080-exec-9] DEBUG o.s.web.servlet.DispatcherServlet - GET "/api-docs/swagger-config", parameters={}
2026-02-04 08:40:50 [http-nio-8080-exec-9] DEBUG o.s.w.s.m.m.a.RequestMappingHandlerMapping - Mapped to org.springdoc.webmvc.ui.SwaggerConfigResource#openapiJson(HttpServletRequest)
2026-02-04 08:40:50 [http-nio-8080-exec-9] DEBUG o.s.w.s.m.m.a.RequestResponseBodyMethodProcessor - Using 'application/json', given [*/*] and supported [application/json]
2026-02-04 08:40:50 [http-nio-8080-exec-9] DEBUG o.s.w.s.m.m.a.RequestResponseBodyMethodProcessor - Writing [{configUrl=/api-docs/swagger-config, oauth2RedirectUrl=http://localhost:8080/swagger-ui/oauth2-redir (truncated)...]
2026-02-04 08:40:50 [http-nio-8080-exec-9] DEBUG o.s.web.servlet.DispatcherServlet - Completed 200 OK
2026-02-04 08:40:50 [http-nio-8080-exec-1] DEBUG o.s.security.web.FilterChainProxy - Securing GET /api-docs
2026-02-04 08:40:50 [http-nio-8080-exec-1] DEBUG o.s.s.w.a.AnonymousAuthenticationFilter - Set SecurityContextHolder to anonymous SecurityContext
2026-02-04 08:40:50 [http-nio-8080-exec-1] DEBUG o.s.security.web.FilterChainProxy - Secured GET /api-docs
2026-02-04 08:40:50 [http-nio-8080-exec-1] DEBUG o.s.web.servlet.DispatcherServlet - GET "/api-docs", parameters={}
2026-02-04 08:40:50 [http-nio-8080-exec-1] DEBUG o.s.w.s.m.m.a.RequestMappingHandlerMapping - Mapped to org.springdoc.webmvc.api.OpenApiWebMvcResource#openapiJson(HttpServletRequest, String, Locale)
2026-02-04 08:40:50 [http-nio-8080-exec-1] DEBUG o.s.w.s.m.m.a.RequestResponseBodyMethodProcessor - Using 'application/json', given [application/json, */*] and supported [application/json]
2026-02-04 08:40:50 [http-nio-8080-exec-1] DEBUG o.s.w.s.m.m.a.RequestResponseBodyMethodProcessor - Writing [{123, 34, 111, 112, 101, 110, 97, 112, 105, 34, 58, 34, 51, 46, 48, 46, 49, 34, 44, 34, 105, 110, 10 (truncated)...]
2026-02-04 08:40:50 [http-nio-8080-exec-1] DEBUG o.s.web.servlet.DispatcherServlet - Completed 200 OK
2026-02-04 08:43:33 [http-nio-8080-exec-7] DEBUG o.s.security.web.FilterChainProxy - Securing GET /
2026-02-04 08:43:33 [http-nio-8080-exec-7] DEBUG o.s.s.w.a.AnonymousAuthenticationFilter - Set SecurityContextHolder to anonymous SecurityContext
2026-02-04 08:43:33 [http-nio-8080-exec-7] ERROR c.i.p.s.JwtAuthenticationEntryPoint - Unauthorized error: Full authentication is required to access this resource
2026-02-04 08:43:33 [http-nio-8080-exec-8] DEBUG o.s.security.web.FilterChainProxy - Securing GET /favicon.ico
2026-02-04 08:43:33 [http-nio-8080-exec-8] DEBUG o.s.s.w.a.AnonymousAuthenticationFilter - Set SecurityContextHolder to anonymous SecurityContext
2026-02-04 08:43:33 [http-nio-8080-exec-8] ERROR c.i.p.s.JwtAuthenticationEntryPoint - Unauthorized error: Full authentication is required to access this resource
2026-02-04 08:43:44 [http-nio-8080-exec-5] DEBUG o.s.security.web.FilterChainProxy - Securing GET /actuator/health
2026-02-04 08:43:44 [http-nio-8080-exec-5] DEBUG o.s.s.w.a.AnonymousAuthenticationFilter - Set SecurityContextHolder to anonymous SecurityContext
2026-02-04 08:43:44 [http-nio-8080-exec-5] DEBUG o.s.security.web.FilterChainProxy - Secured GET /actuator/health
2026-02-04 08:43:44 [http-nio-8080-exec-5] DEBUG o.s.web.servlet.DispatcherServlet - GET "/actuator/health", parameters={}
2026-02-04 08:43:44 [http-nio-8080-exec-5] DEBUG o.s.w.s.m.m.a.RequestResponseBodyMethodProcessor - Read "application/octet-stream" to []
2026-02-04 08:43:47 [http-nio-8080-exec-5] WARN  o.s.b.a.mail.MailHealthIndicator - Mail health check failed
jakarta.mail.AuthenticationFailedException: 535-5.7.8 Username and Password not accepted. For more information, go to
535 5.7.8  https://support.google.com/mail/?p=BadCredentials 98e67ed59e1d1-3548910d6ebsm267174a91.5 - gsmtp

	at org.eclipse.angus.mail.smtp.SMTPTransport$Authenticator.authenticate(SMTPTransport.java:954)
	at org.eclipse.angus.mail.smtp.SMTPTransport.authenticate(SMTPTransport.java:865)
	at org.eclipse.angus.mail.smtp.SMTPTransport.protocolConnect(SMTPTransport.java:769)
	at jakarta.mail.Service.connect(Service.java:345)
	at org.springframework.mail.javamail.JavaMailSenderImpl.connectTransport(JavaMailSenderImpl.java:480)
	at org.springframework.mail.javamail.JavaMailSenderImpl.testConnection(JavaMailSenderImpl.java:360)
	at org.springframework.boot.actuate.mail.MailHealthIndicator.doHealthCheck(MailHealthIndicator.java:52)
	at org.springframework.boot.actuate.health.AbstractHealthIndicator.health(AbstractHealthIndicator.java:82)
	at org.springframework.boot.actuate.health.HealthIndicator.getHealth(HealthIndicator.java:37)
	at org.springframework.boot.actuate.health.HealthEndpointWebExtension.getHealth(HealthEndpointWebExtension.java:94)
	at org.springframework.boot.actuate.health.HealthEndpointWebExtension.getHealth(HealthEndpointWebExtension.java:47)
	at org.springframework.boot.actuate.health.HealthEndpointSupport.getLoggedHealth(HealthEndpointSupport.java:172)
	at org.springframework.boot.actuate.health.HealthEndpointSupport.getContribution(HealthEndpointSupport.java:145)
	at org.springframework.boot.actuate.health.HealthEndpointSupport.getAggregateContribution(HealthEndpointSupport.java:156)
	at org.springframework.boot.actuate.health.HealthEndpointSupport.getContribution(HealthEndpointSupport.java:141)
	at org.springframework.boot.actuate.health.HealthEndpointSupport.getHealth(HealthEndpointSupport.java:110)
	at org.springframework.boot.actuate.health.HealthEndpointSupport.getHealth(HealthEndpointSupport.java:81)
	at org.springframework.boot.actuate.health.HealthEndpointWebExtension.health(HealthEndpointWebExtension.java:80)
	at org.springframework.boot.actuate.health.HealthEndpointWebExtension.health(HealthEndpointWebExtension.java:69)
	at java.base/jdk.internal.reflect.NativeMethodAccessorImpl.invoke0(Native Method)
	at java.base/jdk.internal.reflect.NativeMethodAccessorImpl.invoke(NativeMethodAccessorImpl.java:77)
	at java.base/jdk.internal.reflect.DelegatingMethodAccessorImpl.invoke(DelegatingMethodAccessorImpl.java:43)
	at java.base/java.lang.reflect.Method.invoke(Method.java:568)
	at org.springframework.util.ReflectionUtils.invokeMethod(ReflectionUtils.java:281)
	at org.springframework.boot.actuate.endpoint.invoke.reflect.ReflectiveOperationInvoker.invoke(ReflectiveOperationInvoker.java:74)
	at org.springframework.boot.actuate.endpoint.annotation.AbstractDiscoveredOperation.invoke(AbstractDiscoveredOperation.java:60)
	at org.springframework.boot.actuate.endpoint.web.servlet.AbstractWebMvcEndpointHandlerMapping$ServletWebOperationAdapter.handle(AbstractWebMvcEndpointHandlerMapping.java:327)
	at org.springframework.boot.actuate.endpoint.web.servlet.AbstractWebMvcEndpointHandlerMapping$OperationHandler.handle(AbstractWebMvcEndpointHandlerMapping.java:434)
	at java.base/jdk.internal.reflect.NativeMethodAccessorImpl.invoke0(Native Method)
	at java.base/jdk.internal.reflect.NativeMethodAccessorImpl.invoke(NativeMethodAccessorImpl.java:77)
	at java.base/jdk.internal.reflect.DelegatingMethodAccessorImpl.invoke(DelegatingMethodAccessorImpl.java:43)
	at java.base/java.lang.reflect.Method.invoke(Method.java:568)
	at org.springframework.web.method.support.InvocableHandlerMethod.doInvoke(InvocableHandlerMethod.java:261)
	at org.springframework.web.method.support.InvocableHandlerMethod.invokeForRequest(InvocableHandlerMethod.java:189)
	at org.springframework.web.servlet.mvc.method.annotation.ServletInvocableHandlerMethod.invokeAndHandle(ServletInvocableHandlerMethod.java:118)
	at org.springframework.web.servlet.mvc.method.annotation.RequestMappingHandlerAdapter.invokeHandlerMethod(RequestMappingHandlerAdapter.java:917)
	at org.springframework.web.servlet.mvc.method.annotation.RequestMappingHandlerAdapter.handleInternal(RequestMappingHandlerAdapter.java:829)
	at org.springframework.web.servlet.mvc.method.AbstractHandlerMethodAdapter.handle(AbstractHandlerMethodAdapter.java:87)
	at org.springframework.web.servlet.DispatcherServlet.doDispatch(DispatcherServlet.java:1089)
	at org.springframework.web.servlet.DispatcherServlet.doService(DispatcherServlet.java:979)
	at org.springframework.web.servlet.FrameworkServlet.processRequest(FrameworkServlet.java:1014)
	at org.springframework.web.servlet.FrameworkServlet.doGet(FrameworkServlet.java:903)
	at jakarta.servlet.http.HttpServlet.service(HttpServlet.java:564)
	at org.springframework.web.servlet.FrameworkServlet.service(FrameworkServlet.java:885)
	at jakarta.servlet.http.HttpServlet.service(HttpServlet.java:658)
	at org.apache.catalina.core.ApplicationFilterChain.internalDoFilter(ApplicationFilterChain.java:205)
	at org.apache.catalina.core.ApplicationFilterChain.doFilter(ApplicationFilterChain.java:149)
	at org.apache.tomcat.websocket.server.WsFilter.doFilter(WsFilter.java:51)
	at org.apache.catalina.core.ApplicationFilterChain.internalDoFilter(ApplicationFilterChain.java:174)
	at org.apache.catalina.core.ApplicationFilterChain.doFilter(ApplicationFilterChain.java:149)
	at org.springframework.web.filter.OncePerRequestFilter.doFilter(OncePerRequestFilter.java:110)
	at org.apache.catalina.core.ApplicationFilterChain.internalDoFilter(ApplicationFilterChain.java:174)
	at org.apache.catalina.core.ApplicationFilterChain.doFilter(ApplicationFilterChain.java:149)
	at org.springframework.web.filter.CompositeFilter$VirtualFilterChain.doFilter(CompositeFilter.java:108)
	at org.springframework.security.web.FilterChainProxy.lambda$doFilterInternal$3(FilterChainProxy.java:231)
	at org.springframework.security.web.ObservationFilterChainDecorator$FilterObservation$SimpleFilterObservation.lambda$wrap$1(ObservationFilterChainDecorator.java:479)
	at org.springframework.security.web.ObservationFilterChainDecorator$AroundFilterObservation$SimpleAroundFilterObservation.lambda$wrap$1(ObservationFilterChainDecorator.java:340)
	at org.springframework.security.web.ObservationFilterChainDecorator.lambda$wrapSecured$0(ObservationFilterChainDecorator.java:82)
	at org.springframework.security.web.ObservationFilterChainDecorator$VirtualFilterChain.doFilter(ObservationFilterChainDecorator.java:128)
	at org.springframework.security.web.access.intercept.AuthorizationFilter.doFilter(AuthorizationFilter.java:100)
	at org.springframework.security.web.ObservationFilterChainDecorator$ObservationFilter.wrapFilter(ObservationFilterChainDecorator.java:240)
	at org.springframework.security.web.ObservationFilterChainDecorator$ObservationFilter.doFilter(ObservationFilterChainDecorator.java:227)
	at org.springframework.security.web.ObservationFilterChainDecorator$VirtualFilterChain.doFilter(ObservationFilterChainDecorator.java:137)
	at org.springframework.security.web.access.ExceptionTranslationFilter.doFilter(ExceptionTranslationFilter.java:126)
	at org.springframework.security.web.access.ExceptionTranslationFilter.doFilter(ExceptionTranslationFilter.java:120)
	at org.springframework.security.web.ObservationFilterChainDecorator$ObservationFilter.wrapFilter(ObservationFilterChainDecorator.java:240)
	at org.springframework.security.web.ObservationFilterChainDecorator$ObservationFilter.doFilter(ObservationFilterChainDecorator.java:227)
	at org.springframework.security.web.ObservationFilterChainDecorator$VirtualFilterChain.doFilter(ObservationFilterChainDecorator.java:137)
	at org.springframework.security.web.session.SessionManagementFilter.doFilter(SessionManagementFilter.java:131)
	at org.springframework.security.web.session.SessionManagementFilter.doFilter(SessionManagementFilter.java:85)
	at org.springframework.security.web.ObservationFilterChainDecorator$ObservationFilter.wrapFilter(ObservationFilterChainDecorator.java:240)
	at org.springframework.security.web.ObservationFilterChainDecorator$ObservationFilter.doFilter(ObservationFilterChainDecorator.java:227)
	at org.springframework.security.web.ObservationFilterChainDecorator$VirtualFilterChain.doFilter(ObservationFilterChainDecorator.java:137)
	at org.springframework.security.web.authentication.AnonymousAuthenticationFilter.doFilter(AnonymousAuthenticationFilter.java:100)
	at org.springframework.security.web.ObservationFilterChainDecorator$ObservationFilter.wrapFilter(ObservationFilterChainDecorator.java:240)
	at org.springframework.security.web.ObservationFilterChainDecorator$ObservationFilter.doFilter(ObservationFilterChainDecorator.java:227)
	at org.springframework.security.web.ObservationFilterChainDecorator$VirtualFilterChain.doFilter(ObservationFilterChainDecorator.java:137)
	at org.springframework.security.web.servletapi.SecurityContextHolderAwareRequestFilter.doFilter(SecurityContextHolderAwareRequestFilter.java:179)
	at org.springframework.security.web.ObservationFilterChainDecorator$ObservationFilter.wrapFilter(ObservationFilterChainDecorator.java:240)
	at org.springframework.security.web.ObservationFilterChainDecorator$ObservationFilter.doFilter(ObservationFilterChainDecorator.java:227)
	at org.springframework.security.web.ObservationFilterChainDecorator$VirtualFilterChain.doFilter(ObservationFilterChainDecorator.java:137)
	at org.springframework.security.web.savedrequest.RequestCacheAwareFilter.doFilter(RequestCacheAwareFilter.java:63)
	at org.springframework.security.web.ObservationFilterChainDecorator$ObservationFilter.wrapFilter(ObservationFilterChainDecorator.java:240)
	at org.springframework.security.web.ObservationFilterChainDecorator$ObservationFilter.doFilter(ObservationFilterChainDecorator.java:227)
	at org.springframework.security.web.ObservationFilterChainDecorator$VirtualFilterChain.doFilter(ObservationFilterChainDecorator.java:137)
	at com.internship.portal.security.JwtAuthenticationFilter.doFilterInternal(JwtAuthenticationFilter.java:40)
	at org.springframework.web.filter.OncePerRequestFilter.doFilter(OncePerRequestFilter.java:116)
	at org.springframework.security.web.ObservationFilterChainDecorator$ObservationFilter.wrapFilter(ObservationFilterChainDecorator.java:240)
	at org.springframework.security.web.ObservationFilterChainDecorator$ObservationFilter.doFilter(ObservationFilterChainDecorator.java:227)
	at org.springframework.security.web.ObservationFilterChainDecorator$VirtualFilterChain.doFilter(ObservationFilterChainDecorator.java:137)
	at org.springframework.security.web.authentication.logout.LogoutFilter.doFilter(LogoutFilter.java:107)
	at org.springframework.security.web.authentication.logout.LogoutFilter.doFilter(LogoutFilter.java:93)
	at org.springframework.security.web.ObservationFilterChainDecorator$ObservationFilter.wrapFilter(ObservationFilterChainDecorator.java:240)
	at org.springframework.security.web.ObservationFilterChainDecorator$ObservationFilter.doFilter(ObservationFilterChainDecorator.java:227)
	at org.springframework.security.web.ObservationFilterChainDecorator$VirtualFilterChain.doFilter(ObservationFilterChainDecorator.java:137)
	at org.springframework.web.filter.OncePerRequestFilter.doFilter(OncePerRequestFilter.java:110)
	at org.springframework.security.web.ObservationFilterChainDecorator$ObservationFilter.wrapFilter(ObservationFilterChainDecorator.java:240)
	at org.springframework.security.web.ObservationFilterChainDecorator$ObservationFilter.doFilter(ObservationFilterChainDecorator.java:227)
	at org.springframework.security.web.ObservationFilterChainDecorator$VirtualFilterChain.doFilter(ObservationFilterChainDecorator.java:137)
	at org.springframework.web.filter.CorsFilter.doFilterInternal(CorsFilter.java:91)
	at org.springframework.web.filter.OncePerRequestFilter.doFilter(OncePerRequestFilter.java:116)
	at org.springframework.security.web.ObservationFilterChainDecorator$ObservationFilter.wrapFilter(ObservationFilterChainDecorator.java:240)
	at org.springframework.security.web.ObservationFilterChainDecorator$ObservationFilter.doFilter(ObservationFilterChainDecorator.java:227)
	at org.springframework.security.web.ObservationFilterChainDecorator$VirtualFilterChain.doFilter(ObservationFilterChainDecorator.java:137)
	at org.springframework.security.web.header.HeaderWriterFilter.doHeadersAfter(HeaderWriterFilter.java:90)
	at org.springframework.security.web.header.HeaderWriterFilter.doFilterInternal(HeaderWriterFilter.java:75)
	at org.springframework.web.filter.OncePerRequestFilter.doFilter(OncePerRequestFilter.java:116)
	at org.springframework.security.web.ObservationFilterChainDecorator$ObservationFilter.wrapFilter(ObservationFilterChainDecorator.java:240)
	at org.springframework.security.web.ObservationFilterChainDecorator$ObservationFilter.doFilter(ObservationFilterChainDecorator.java:227)
	at org.springframework.security.web.ObservationFilterChainDecorator$VirtualFilterChain.doFilter(ObservationFilterChainDecorator.java:137)
	at org.springframework.security.web.context.SecurityContextHolderFilter.doFilter(SecurityContextHolderFilter.java:82)
	at org.springframework.security.web.context.SecurityContextHolderFilter.doFilter(SecurityContextHolderFilter.java:69)
	at org.springframework.security.web.ObservationFilterChainDecorator$ObservationFilter.wrapFilter(ObservationFilterChainDecorator.java:240)
	at org.springframework.security.web.ObservationFilterChainDecorator$ObservationFilter.doFilter(ObservationFilterChainDecorator.java:227)
	at org.springframework.security.web.ObservationFilterChainDecorator$VirtualFilterChain.doFilter(ObservationFilterChainDecorator.java:137)
	at org.springframework.security.web.context.request.async.WebAsyncManagerIntegrationFilter.doFilterInternal(WebAsyncManagerIntegrationFilter.java:62)
	at org.springframework.web.filter.OncePerRequestFilter.doFilter(OncePerRequestFilter.java:116)
	at org.springframework.security.web.ObservationFilterChainDecorator$ObservationFilter.wrapFilter(ObservationFilterChainDecorator.java:240)
	at org.springframework.security.web.ObservationFilterChainDecorator$ObservationFilter.doFilter(ObservationFilterChainDecorator.java:227)
	at org.springframework.security.web.ObservationFilterChainDecorator$VirtualFilterChain.doFilter(ObservationFilterChainDecorator.java:137)
	at org.springframework.security.web.session.DisableEncodeUrlFilter.doFilterInternal(DisableEncodeUrlFilter.java:42)
	at org.springframework.web.filter.OncePerRequestFilter.doFilter(OncePerRequestFilter.java:116)
	at org.springframework.security.web.ObservationFilterChainDecorator$ObservationFilter.wrapFilter(ObservationFilterChainDecorator.java:240)
	at org.springframework.security.web.ObservationFilterChainDecorator$AroundFilterObservation$SimpleAroundFilterObservation.lambda$wrap$0(ObservationFilterChainDecorator.java:323)
	at org.springframework.security.web.ObservationFilterChainDecorator$ObservationFilter.doFilter(ObservationFilterChainDecorator.java:224)
	at org.springframework.security.web.ObservationFilterChainDecorator$VirtualFilterChain.doFilter(ObservationFilterChainDecorator.java:137)
	at org.springframework.security.web.FilterChainProxy.doFilterInternal(FilterChainProxy.java:233)
	at org.springframework.security.web.FilterChainProxy.doFilter(FilterChainProxy.java:191)
	at org.springframework.web.filter.CompositeFilter$VirtualFilterChain.doFilter(CompositeFilter.java:113)
	at org.springframework.web.servlet.handler.HandlerMappingIntrospector.lambda$createCacheFilter$3(HandlerMappingIntrospector.java:195)
	at org.springframework.web.filter.CompositeFilter$VirtualFilterChain.doFilter(CompositeFilter.java:113)
	at org.springframework.web.filter.CompositeFilter.doFilter(CompositeFilter.java:74)
	at org.springframework.security.config.annotation.web.configuration.WebMvcSecurityConfiguration$CompositeFilterChainProxy.doFilter(WebMvcSecurityConfiguration.java:225)
	at org.springframework.web.filter.DelegatingFilterProxy.invokeDelegate(DelegatingFilterProxy.java:352)
	at org.springframework.web.filter.DelegatingFilterProxy.doFilter(DelegatingFilterProxy.java:268)
	at org.apache.catalina.core.ApplicationFilterChain.internalDoFilter(ApplicationFilterChain.java:174)
	at org.apache.catalina.core.ApplicationFilterChain.doFilter(ApplicationFilterChain.java:149)
	at org.springframework.web.filter.RequestContextFilter.doFilterInternal(RequestContextFilter.java:100)
	at org.springframework.web.filter.OncePerRequestFilter.doFilter(OncePerRequestFilter.java:116)
	at org.apache.catalina.core.ApplicationFilterChain.internalDoFilter(ApplicationFilterChain.java:174)
	at org.apache.catalina.core.ApplicationFilterChain.doFilter(ApplicationFilterChain.java:149)
	at org.springframework.web.filter.FormContentFilter.doFilterInternal(FormContentFilter.java:93)
	at org.springframework.web.filter.OncePerRequestFilter.doFilter(OncePerRequestFilter.java:116)
	at org.apache.catalina.core.ApplicationFilterChain.internalDoFilter(ApplicationFilterChain.java:174)
	at org.apache.catalina.core.ApplicationFilterChain.doFilter(ApplicationFilterChain.java:149)
	at org.springframework.web.filter.ServerHttpObservationFilter.doFilterInternal(ServerHttpObservationFilter.java:109)
	at org.springframework.web.filter.OncePerRequestFilter.doFilter(OncePerRequestFilter.java:116)
	at org.apache.catalina.core.ApplicationFilterChain.internalDoFilter(ApplicationFilterChain.java:174)
	at org.apache.catalina.core.ApplicationFilterChain.doFilter(ApplicationFilterChain.java:149)
	at org.springframework.web.filter.CharacterEncodingFilter.doFilterInternal(CharacterEncodingFilter.java:201)
	at org.springframework.web.filter.OncePerRequestFilter.doFilter(OncePerRequestFilter.java:116)
	at org.apache.catalina.core.ApplicationFilterChain.internalDoFilter(ApplicationFilterChain.java:174)
	at org.apache.catalina.core.ApplicationFilterChain.doFilter(ApplicationFilterChain.java:149)
	at org.apache.catalina.core.StandardWrapperValve.invoke(StandardWrapperValve.java:167)
	at org.apache.catalina.core.StandardContextValve.invoke(StandardContextValve.java:90)
	at org.apache.catalina.authenticator.AuthenticatorBase.invoke(AuthenticatorBase.java:482)
	at org.apache.catalina.core.StandardHostValve.invoke(StandardHostValve.java:115)
	at org.apache.catalina.valves.ErrorReportValve.invoke(ErrorReportValve.java:93)
	at org.apache.catalina.core.StandardEngineValve.invoke(StandardEngineValve.java:74)
	at org.apache.catalina.connector.CoyoteAdapter.service(CoyoteAdapter.java:340)
	at org.apache.coyote.http11.Http11Processor.service(Http11Processor.java:391)
	at org.apache.coyote.AbstractProcessorLight.process(AbstractProcessorLight.java:63)
	at org.apache.coyote.AbstractProtocol$ConnectionHandler.process(AbstractProtocol.java:896)
	at org.apache.tomcat.util.net.NioEndpoint$SocketProcessor.doRun(NioEndpoint.java:1744)
	at org.apache.tomcat.util.net.SocketProcessorBase.run(SocketProcessorBase.java:52)
	at org.apache.tomcat.util.threads.ThreadPoolExecutor.runWorker(ThreadPoolExecutor.java:1191)
	at org.apache.tomcat.util.threads.ThreadPoolExecutor$Worker.run(ThreadPoolExecutor.java:659)
	at org.apache.tomcat.util.threads.TaskThread$WrappingRunnable.run(TaskThread.java:61)
	at java.base/java.lang.Thread.run(Thread.java:842)
2026-02-04 08:43:47 [http-nio-8080-exec-5] DEBUG o.s.w.s.m.m.a.HttpEntityMethodProcessor - Using 'application/vnd.spring-boot.actuator.v3+json;q=0.8', given [text/html, application/xhtml+xml, image/avif, image/webp, image/apng, application/xml;q=0.9, */*;q=0.8, application/signed-exchange;v=b3;q=0.7] and supported [application/vnd.spring-boot.actuator.v3+json, application/vnd.spring-boot.actuator.v2+json, application/json]
2026-02-04 08:43:47 [http-nio-8080-exec-5] DEBUG o.s.w.s.m.m.a.HttpEntityMethodProcessor - Writing [org.springframework.boot.actuate.health.SystemHealth@3b71b8eb]
2026-02-04 08:43:47 [http-nio-8080-exec-5] DEBUG o.s.web.servlet.DispatcherServlet - Completed 503 SERVICE_UNAVAILABLE
2026-02-04 08:43:47 [http-nio-8080-exec-9] DEBUG o.s.security.web.FilterChainProxy - Securing GET /favicon.ico
2026-02-04 08:43:47 [http-nio-8080-exec-9] DEBUG o.s.s.w.a.AnonymousAuthenticationFilter - Set SecurityContextHolder to anonymous SecurityContext
2026-02-04 08:43:47 [http-nio-8080-exec-9] ERROR c.i.p.s.JwtAuthenticationEntryPoint - Unauthorized error: Full authentication is required to access this resource
2026-02-04 08:45:36 [http-nio-8080-exec-6] DEBUG o.s.security.web.FilterChainProxy - Securing GET /api/v1
2026-02-04 08:45:36 [http-nio-8080-exec-6] DEBUG o.s.s.w.a.AnonymousAuthenticationFilter - Set SecurityContextHolder to anonymous SecurityContext
2026-02-04 08:45:36 [http-nio-8080-exec-6] ERROR c.i.p.s.JwtAuthenticationEntryPoint - Unauthorized error: Full authentication is required to access this resource
2026-02-04 08:45:36 [http-nio-8080-exec-3] DEBUG o.s.security.web.FilterChainProxy - Securing GET /favicon.ico
2026-02-04 08:45:36 [http-nio-8080-exec-3] DEBUG o.s.s.w.a.AnonymousAuthenticationFilter - Set SecurityContextHolder to anonymous SecurityContext
2026-02-04 08:45:36 [http-nio-8080-exec-3] ERROR c.i.p.s.JwtAuthenticationEntryPoint - Unauthorized error: Full authentication is required to access this resource
2026-02-04 08:46:00 [http-nio-8080-exec-10] DEBUG o.s.security.web.FilterChainProxy - Securing GET /api/v1
2026-02-04 08:46:00 [http-nio-8080-exec-10] DEBUG o.s.s.w.a.AnonymousAuthenticationFilter - Set SecurityContextHolder to anonymous SecurityContext
2026-02-04 08:46:00 [http-nio-8080-exec-10] ERROR c.i.p.s.JwtAuthenticationEntryPoint - Unauthorized error: Full authentication is required to access this resource
2026-02-04 08:46:00 [http-nio-8080-exec-4] DEBUG o.s.security.web.FilterChainProxy - Securing GET /favicon.ico
2026-02-04 08:46:00 [http-nio-8080-exec-4] DEBUG o.s.s.w.a.AnonymousAuthenticationFilter - Set SecurityContextHolder to anonymous SecurityContext
2026-02-04 08:46:00 [http-nio-8080-exec-4] ERROR c.i.p.s.JwtAuthenticationEntryPoint - Unauthorized error: Full authentication is required to access this resource
2026-02-04 08:46:00 [http-nio-8080-exec-2] DEBUG o.s.security.web.FilterChainProxy - Securing GET /api/v1
2026-02-04 08:46:00 [http-nio-8080-exec-2] DEBUG o.s.s.w.a.AnonymousAuthenticationFilter - Set SecurityContextHolder to anonymous SecurityContext
2026-02-04 08:46:00 [http-nio-8080-exec-2] ERROR c.i.p.s.JwtAuthenticationEntryPoint - Unauthorized error: Full authentication is required to access this resource
2026-02-04 08:46:00 [http-nio-8080-exec-7] DEBUG o.s.security.web.FilterChainProxy - Securing GET /favicon.ico
2026-02-04 08:46:00 [http-nio-8080-exec-7] DEBUG o.s.s.w.a.AnonymousAuthenticationFilter - Set SecurityContextHolder to anonymous SecurityContext
2026-02-04 08:46:00 [http-nio-8080-exec-7] ERROR c.i.p.s.JwtAuthenticationEntryPoint - Unauthorized error: Full authentication is required to access this resource
2026-02-04 08:46:01 [http-nio-8080-exec-8] DEBUG o.s.security.web.FilterChainProxy - Securing GET /api/v1
2026-02-04 08:46:01 [http-nio-8080-exec-8] DEBUG o.s.s.w.a.AnonymousAuthenticationFilter - Set SecurityContextHolder to anonymous SecurityContext
2026-02-04 08:46:01 [http-nio-8080-exec-8] ERROR c.i.p.s.JwtAuthenticationEntryPoint - Unauthorized error: Full authentication is required to access this resource
2026-02-04 08:46:01 [http-nio-8080-exec-5] DEBUG o.s.security.web.FilterChainProxy - Securing GET /favicon.ico
2026-02-04 08:46:01 [http-nio-8080-exec-5] DEBUG o.s.s.w.a.AnonymousAuthenticationFilter - Set SecurityContextHolder to anonymous SecurityContext
2026-02-04 08:46:01 [http-nio-8080-exec-5] ERROR c.i.p.s.JwtAuthenticationEntryPoint - Unauthorized error: Full authentication is required to access this resource
2026-02-04 08:46:01 [http-nio-8080-exec-9] DEBUG o.s.security.web.FilterChainProxy - Securing GET /api/v1
2026-02-04 08:46:01 [http-nio-8080-exec-9] DEBUG o.s.s.w.a.AnonymousAuthenticationFilter - Set SecurityContextHolder to anonymous SecurityContext
2026-02-04 08:46:01 [http-nio-8080-exec-9] ERROR c.i.p.s.JwtAuthenticationEntryPoint - Unauthorized error: Full authentication is required to access this resource
2026-02-04 08:46:01 [http-nio-8080-exec-1] DEBUG o.s.security.web.FilterChainProxy - Securing GET /favicon.ico
2026-02-04 08:46:01 [http-nio-8080-exec-1] DEBUG o.s.s.w.a.AnonymousAuthenticationFilter - Set SecurityContextHolder to anonymous SecurityContext
2026-02-04 08:46:01 [http-nio-8080-exec-1] ERROR c.i.p.s.JwtAuthenticationEntryPoint - Unauthorized error: Full authentication is required to access this resource
2026-02-04 08:46:01 [http-nio-8080-exec-6] DEBUG o.s.security.web.FilterChainProxy - Securing GET /api/v1
2026-02-04 08:46:01 [http-nio-8080-exec-6] DEBUG o.s.s.w.a.AnonymousAuthenticationFilter - Set SecurityContextHolder to anonymous SecurityContext
2026-02-04 08:46:01 [http-nio-8080-exec-6] ERROR c.i.p.s.JwtAuthenticationEntryPoint - Unauthorized error: Full authentication is required to access this resource
2026-02-04 08:46:01 [http-nio-8080-exec-3] DEBUG o.s.security.web.FilterChainProxy - Securing GET /favicon.ico
2026-02-04 08:46:01 [http-nio-8080-exec-3] DEBUG o.s.s.w.a.AnonymousAuthenticationFilter - Set SecurityContextHolder to anonymous SecurityContext
2026-02-04 08:46:01 [http-nio-8080-exec-3] ERROR c.i.p.s.JwtAuthenticationEntryPoint - Unauthorized error: Full authentication is required to access this resource
2026-02-04 08:46:01 [http-nio-8080-exec-10] DEBUG o.s.security.web.FilterChainProxy - Securing GET /api/v1
2026-02-04 08:46:01 [http-nio-8080-exec-10] DEBUG o.s.s.w.a.AnonymousAuthenticationFilter - Set SecurityContextHolder to anonymous SecurityContext
2026-02-04 08:46:01 [http-nio-8080-exec-10] ERROR c.i.p.s.JwtAuthenticationEntryPoint - Unauthorized error: Full authentication is required to access this resource
2026-02-04 08:46:01 [http-nio-8080-exec-4] DEBUG o.s.security.web.FilterChainProxy - Securing GET /favicon.ico
2026-02-04 08:46:01 [http-nio-8080-exec-4] DEBUG o.s.s.w.a.AnonymousAuthenticationFilter - Set SecurityContextHolder to anonymous SecurityContext
2026-02-04 08:46:01 [http-nio-8080-exec-4] ERROR c.i.p.s.JwtAuthenticationEntryPoint - Unauthorized error: Full authentication is required to access this resource
2026-02-04 08:46:01 [http-nio-8080-exec-2] DEBUG o.s.security.web.FilterChainProxy - Securing GET /api/v1
2026-02-04 08:46:01 [http-nio-8080-exec-2] DEBUG o.s.s.w.a.AnonymousAuthenticationFilter - Set SecurityContextHolder to anonymous SecurityContext
2026-02-04 08:46:01 [http-nio-8080-exec-2] ERROR c.i.p.s.JwtAuthenticationEntryPoint - Unauthorized error: Full authentication is required to access this resource
2026-02-04 08:46:01 [http-nio-8080-exec-7] DEBUG o.s.security.web.FilterChainProxy - Securing GET /favicon.ico
2026-02-04 08:46:01 [http-nio-8080-exec-7] DEBUG o.s.s.w.a.AnonymousAuthenticationFilter - Set SecurityContextHolder to anonymous SecurityContext
2026-02-04 08:46:01 [http-nio-8080-exec-7] ERROR c.i.p.s.JwtAuthenticationEntryPoint - Unauthorized error: Full authentication is required to access this resource
2026-02-04 08:46:01 [http-nio-8080-exec-8] DEBUG o.s.security.web.FilterChainProxy - Securing GET /api/v1
2026-02-04 08:46:01 [http-nio-8080-exec-8] DEBUG o.s.s.w.a.AnonymousAuthenticationFilter - Set SecurityContextHolder to anonymous SecurityContext
2026-02-04 08:46:01 [http-nio-8080-exec-8] ERROR c.i.p.s.JwtAuthenticationEntryPoint - Unauthorized error: Full authentication is required to access this resource
2026-02-04 08:46:01 [http-nio-8080-exec-5] DEBUG o.s.security.web.FilterChainProxy - Securing GET /favicon.ico
2026-02-04 08:46:01 [http-nio-8080-exec-5] DEBUG o.s.s.w.a.AnonymousAuthenticationFilter - Set SecurityContextHolder to anonymous SecurityContext
2026-02-04 08:46:01 [http-nio-8080-exec-5] ERROR c.i.p.s.JwtAuthenticationEntryPoint - Unauthorized error: Full authentication is required to access this resource
2026-02-04 08:46:01 [http-nio-8080-exec-9] DEBUG o.s.security.web.FilterChainProxy - Securing GET /api/v1
2026-02-04 08:46:01 [http-nio-8080-exec-9] DEBUG o.s.s.w.a.AnonymousAuthenticationFilter - Set SecurityContextHolder to anonymous SecurityContext
2026-02-04 08:46:01 [http-nio-8080-exec-9] ERROR c.i.p.s.JwtAuthenticationEntryPoint - Unauthorized error: Full authentication is required to access this resource
2026-02-04 08:46:01 [http-nio-8080-exec-1] DEBUG o.s.security.web.FilterChainProxy - Securing GET /favicon.ico
2026-02-04 08:46:01 [http-nio-8080-exec-1] DEBUG o.s.s.w.a.AnonymousAuthenticationFilter - Set SecurityContextHolder to anonymous SecurityContext
2026-02-04 08:46:01 [http-nio-8080-exec-1] ERROR c.i.p.s.JwtAuthenticationEntryPoint - Unauthorized error: Full authentication is required to access this resource
2026-02-04 08:46:02 [http-nio-8080-exec-6] DEBUG o.s.security.web.FilterChainProxy - Securing GET /api/v1
2026-02-04 08:46:02 [http-nio-8080-exec-6] DEBUG o.s.s.w.a.AnonymousAuthenticationFilter - Set SecurityContextHolder to anonymous SecurityContext
2026-02-04 08:46:02 [http-nio-8080-exec-6] ERROR c.i.p.s.JwtAuthenticationEntryPoint - Unauthorized error: Full authentication is required to access this resource
2026-02-04 08:46:02 [http-nio-8080-exec-3] DEBUG o.s.security.web.FilterChainProxy - Securing GET /favicon.ico
2026-02-04 08:46:02 [http-nio-8080-exec-3] DEBUG o.s.s.w.a.AnonymousAuthenticationFilter - Set SecurityContextHolder to anonymous SecurityContext
2026-02-04 08:46:02 [http-nio-8080-exec-3] ERROR c.i.p.s.JwtAuthenticationEntryPoint - Unauthorized error: Full authentication is required to access this resource
2026-02-04 08:46:02 [http-nio-8080-exec-10] DEBUG o.s.security.web.FilterChainProxy - Securing GET /api/v1
2026-02-04 08:46:02 [http-nio-8080-exec-10] DEBUG o.s.s.w.a.AnonymousAuthenticationFilter - Set SecurityContextHolder to anonymous SecurityContext
2026-02-04 08:46:02 [http-nio-8080-exec-10] ERROR c.i.p.s.JwtAuthenticationEntryPoint - Unauthorized error: Full authentication is required to access this resource
2026-02-04 08:46:02 [http-nio-8080-exec-4] DEBUG o.s.security.web.FilterChainProxy - Securing GET /favicon.ico
2026-02-04 08:46:02 [http-nio-8080-exec-4] DEBUG o.s.s.w.a.AnonymousAuthenticationFilter - Set SecurityContextHolder to anonymous SecurityContext
2026-02-04 08:46:02 [http-nio-8080-exec-4] ERROR c.i.p.s.JwtAuthenticationEntryPoint - Unauthorized error: Full authentication is required to access this resource
2026-02-04 08:46:40 [http-nio-8080-exec-7] DEBUG o.s.security.web.FilterChainProxy - Securing GET /swagger-ui/index.html
2026-02-04 08:46:40 [http-nio-8080-exec-7] DEBUG o.s.s.w.a.AnonymousAuthenticationFilter - Set SecurityContextHolder to anonymous SecurityContext
2026-02-04 08:46:40 [http-nio-8080-exec-7] DEBUG o.s.security.web.FilterChainProxy - Secured GET /swagger-ui/index.html
2026-02-04 08:46:40 [http-nio-8080-exec-7] DEBUG o.s.web.servlet.DispatcherServlet - GET "/swagger-ui/index.html", parameters={}
2026-02-04 08:46:40 [http-nio-8080-exec-7] DEBUG o.s.w.s.h.SimpleUrlHandlerMapping - Mapped to ResourceHttpRequestHandler [classpath [META-INF/resources/webjars/]]
2026-02-04 08:46:40 [http-nio-8080-exec-7] DEBUG o.s.web.servlet.DispatcherServlet - Completed 200 OK
2026-02-04 08:46:40 [http-nio-8080-exec-8] DEBUG o.s.security.web.FilterChainProxy - Securing GET /swagger-ui/swagger-ui.css
2026-02-04 08:46:40 [http-nio-8080-exec-5] DEBUG o.s.security.web.FilterChainProxy - Securing GET /swagger-ui/index.css
2026-02-04 08:46:40 [http-nio-8080-exec-9] DEBUG o.s.security.web.FilterChainProxy - Securing GET /swagger-ui/swagger-ui-bundle.js
2026-02-04 08:46:40 [http-nio-8080-exec-5] DEBUG o.s.s.w.a.AnonymousAuthenticationFilter - Set SecurityContextHolder to anonymous SecurityContext
2026-02-04 08:46:40 [http-nio-8080-exec-8] DEBUG o.s.s.w.a.AnonymousAuthenticationFilter - Set SecurityContextHolder to anonymous SecurityContext
2026-02-04 08:46:40 [http-nio-8080-exec-1] DEBUG o.s.security.web.FilterChainProxy - Securing GET /swagger-ui/swagger-ui-standalone-preset.js
2026-02-04 08:46:40 [http-nio-8080-exec-5] DEBUG o.s.security.web.FilterChainProxy - Secured GET /swagger-ui/index.css
2026-02-04 08:46:40 [http-nio-8080-exec-9] DEBUG o.s.s.w.a.AnonymousAuthenticationFilter - Set SecurityContextHolder to anonymous SecurityContext
2026-02-04 08:46:40 [http-nio-8080-exec-5] DEBUG o.s.web.servlet.DispatcherServlet - GET "/swagger-ui/index.css", parameters={}
2026-02-04 08:46:40 [http-nio-8080-exec-8] DEBUG o.s.security.web.FilterChainProxy - Secured GET /swagger-ui/swagger-ui.css
2026-02-04 08:46:40 [http-nio-8080-exec-8] DEBUG o.s.web.servlet.DispatcherServlet - GET "/swagger-ui/swagger-ui.css", parameters={}
2026-02-04 08:46:40 [http-nio-8080-exec-5] DEBUG o.s.w.s.h.SimpleUrlHandlerMapping - Mapped to ResourceHttpRequestHandler [classpath [META-INF/resources/webjars/]]
2026-02-04 08:46:40 [http-nio-8080-exec-6] DEBUG o.s.security.web.FilterChainProxy - Securing GET /swagger-ui/swagger-initializer.js
2026-02-04 08:46:40 [http-nio-8080-exec-9] DEBUG o.s.security.web.FilterChainProxy - Secured GET /swagger-ui/swagger-ui-bundle.js
2026-02-04 08:46:40 [http-nio-8080-exec-1] DEBUG o.s.s.w.a.AnonymousAuthenticationFilter - Set SecurityContextHolder to anonymous SecurityContext
2026-02-04 08:46:40 [http-nio-8080-exec-8] DEBUG o.s.w.s.h.SimpleUrlHandlerMapping - Mapped to ResourceHttpRequestHandler [classpath [META-INF/resources/webjars/]]
2026-02-04 08:46:40 [http-nio-8080-exec-9] DEBUG o.s.web.servlet.DispatcherServlet - GET "/swagger-ui/swagger-ui-bundle.js", parameters={}
2026-02-04 08:46:40 [http-nio-8080-exec-6] DEBUG o.s.s.w.a.AnonymousAuthenticationFilter - Set SecurityContextHolder to anonymous SecurityContext
2026-02-04 08:46:40 [http-nio-8080-exec-1] DEBUG o.s.security.web.FilterChainProxy - Secured GET /swagger-ui/swagger-ui-standalone-preset.js
2026-02-04 08:46:40 [http-nio-8080-exec-6] DEBUG o.s.security.web.FilterChainProxy - Secured GET /swagger-ui/swagger-initializer.js
2026-02-04 08:46:40 [http-nio-8080-exec-9] DEBUG o.s.w.s.h.SimpleUrlHandlerMapping - Mapped to ResourceHttpRequestHandler [classpath [META-INF/resources/webjars/]]
2026-02-04 08:46:40 [http-nio-8080-exec-1] DEBUG o.s.web.servlet.DispatcherServlet - GET "/swagger-ui/swagger-ui-standalone-preset.js", parameters={}
2026-02-04 08:46:40 [http-nio-8080-exec-6] DEBUG o.s.web.servlet.DispatcherServlet - GET "/swagger-ui/swagger-initializer.js", parameters={}
2026-02-04 08:46:40 [http-nio-8080-exec-1] DEBUG o.s.w.s.h.SimpleUrlHandlerMapping - Mapped to ResourceHttpRequestHandler [classpath [META-INF/resources/webjars/]]
2026-02-04 08:46:40 [http-nio-8080-exec-6] DEBUG o.s.w.s.h.SimpleUrlHandlerMapping - Mapped to ResourceHttpRequestHandler [classpath [META-INF/resources/webjars/]]
2026-02-04 08:46:40 [http-nio-8080-exec-5] DEBUG o.s.web.servlet.DispatcherServlet - Completed 200 OK
2026-02-04 08:46:40 [http-nio-8080-exec-6] DEBUG o.s.web.servlet.DispatcherServlet - Completed 200 OK
2026-02-04 08:46:40 [http-nio-8080-exec-8] DEBUG o.s.web.servlet.DispatcherServlet - Completed 200 OK
2026-02-04 08:46:40 [http-nio-8080-exec-1] DEBUG o.s.web.servlet.DispatcherServlet - Completed 200 OK
2026-02-04 08:46:40 [http-nio-8080-exec-9] DEBUG o.s.web.servlet.DispatcherServlet - Completed 200 OK
2026-02-04 08:46:40 [http-nio-8080-exec-3] DEBUG o.s.security.web.FilterChainProxy - Securing GET /api-docs/swagger-config
2026-02-04 08:46:40 [http-nio-8080-exec-10] DEBUG o.s.security.web.FilterChainProxy - Securing GET /swagger-ui/favicon-32x32.png
2026-02-04 08:46:40 [http-nio-8080-exec-3] DEBUG o.s.s.w.a.AnonymousAuthenticationFilter - Set SecurityContextHolder to anonymous SecurityContext
2026-02-04 08:46:40 [http-nio-8080-exec-10] DEBUG o.s.s.w.a.AnonymousAuthenticationFilter - Set SecurityContextHolder to anonymous SecurityContext
2026-02-04 08:46:40 [http-nio-8080-exec-3] DEBUG o.s.security.web.FilterChainProxy - Secured GET /api-docs/swagger-config
2026-02-04 08:46:40 [http-nio-8080-exec-3] DEBUG o.s.web.servlet.DispatcherServlet - GET "/api-docs/swagger-config", parameters={}
2026-02-04 08:46:40 [http-nio-8080-exec-3] DEBUG o.s.w.s.m.m.a.RequestMappingHandlerMapping - Mapped to org.springdoc.webmvc.ui.SwaggerConfigResource#openapiJson(HttpServletRequest)
2026-02-04 08:46:40 [http-nio-8080-exec-10] DEBUG o.s.security.web.FilterChainProxy - Secured GET /swagger-ui/favicon-32x32.png
2026-02-04 08:46:40 [http-nio-8080-exec-10] DEBUG o.s.web.servlet.DispatcherServlet - GET "/swagger-ui/favicon-32x32.png", parameters={}
2026-02-04 08:46:40 [http-nio-8080-exec-3] DEBUG o.s.w.s.m.m.a.RequestResponseBodyMethodProcessor - Using 'application/json', given [*/*] and supported [application/json]
2026-02-04 08:46:40 [http-nio-8080-exec-3] DEBUG o.s.w.s.m.m.a.RequestResponseBodyMethodProcessor - Writing [{configUrl=/api-docs/swagger-config, oauth2RedirectUrl=http://localhost:8080/swagger-ui/oauth2-redir (truncated)...]
2026-02-04 08:46:40 [http-nio-8080-exec-10] DEBUG o.s.w.s.h.SimpleUrlHandlerMapping - Mapped to ResourceHttpRequestHandler [classpath [META-INF/resources/webjars/]]
2026-02-04 08:46:40 [http-nio-8080-exec-3] DEBUG o.s.web.servlet.DispatcherServlet - Completed 200 OK
2026-02-04 08:46:40 [http-nio-8080-exec-10] DEBUG o.s.web.servlet.DispatcherServlet - Completed 200 OK
2026-02-04 08:46:40 [http-nio-8080-exec-2] DEBUG o.s.security.web.FilterChainProxy - Securing GET /swagger-ui/favicon-32x32.png
2026-02-04 08:46:40 [http-nio-8080-exec-4] DEBUG o.s.security.web.FilterChainProxy - Securing GET /api-docs
2026-02-04 08:46:40 [http-nio-8080-exec-4] DEBUG o.s.s.w.a.AnonymousAuthenticationFilter - Set SecurityContextHolder to anonymous SecurityContext
2026-02-04 08:46:40 [http-nio-8080-exec-2] DEBUG o.s.s.w.a.AnonymousAuthenticationFilter - Set SecurityContextHolder to anonymous SecurityContext
2026-02-04 08:46:40 [http-nio-8080-exec-4] DEBUG o.s.security.web.FilterChainProxy - Secured GET /api-docs
2026-02-04 08:46:40 [http-nio-8080-exec-2] DEBUG o.s.security.web.FilterChainProxy - Secured GET /swagger-ui/favicon-32x32.png
2026-02-04 08:46:40 [http-nio-8080-exec-2] DEBUG o.s.web.servlet.DispatcherServlet - GET "/swagger-ui/favicon-32x32.png", parameters={}
2026-02-04 08:46:40 [http-nio-8080-exec-4] DEBUG o.s.web.servlet.DispatcherServlet - GET "/api-docs", parameters={}
2026-02-04 08:46:40 [http-nio-8080-exec-4] DEBUG o.s.w.s.m.m.a.RequestMappingHandlerMapping - Mapped to org.springdoc.webmvc.api.OpenApiWebMvcResource#openapiJson(HttpServletRequest, String, Locale)
2026-02-04 08:46:40 [http-nio-8080-exec-2] DEBUG o.s.w.s.h.SimpleUrlHandlerMapping - Mapped to ResourceHttpRequestHandler [classpath [META-INF/resources/webjars/]]
2026-02-04 08:46:40 [http-nio-8080-exec-2] DEBUG o.s.web.servlet.DispatcherServlet - Completed 200 OK
2026-02-04 08:46:40 [http-nio-8080-exec-4] DEBUG o.s.w.s.m.m.a.RequestResponseBodyMethodProcessor - Using 'application/json', given [application/json, */*] and supported [application/json]
2026-02-04 08:46:40 [http-nio-8080-exec-4] DEBUG o.s.w.s.m.m.a.RequestResponseBodyMethodProcessor - Writing [{123, 34, 111, 112, 101, 110, 97, 112, 105, 34, 58, 34, 51, 46, 48, 46, 49, 34, 44, 34, 105, 110, 10 (truncated)...]
2026-02-04 08:46:40 [http-nio-8080-exec-4] DEBUG o.s.web.servlet.DispatcherServlet - Completed 200 OK
2026-02-04 08:48:35 [File Watcher] INFO  o.s.b.d.a.LocalDevToolsAutoConfiguration$RestartingClassPathChangeChangedEventListener - Restarting due to 1 class path change (0 additions, 0 deletions, 1 modification)
2026-02-04 08:48:35 [Thread-5] INFO  o.s.o.j.LocalContainerEntityManagerFactoryBean - Closing JPA EntityManagerFactory for persistence unit 'default'
2026-02-04 08:48:35 [Thread-5] INFO  com.zaxxer.hikari.HikariDataSource - HikariPool-1 - Shutdown initiated...
2026-02-04 08:48:35 [Thread-5] INFO  com.zaxxer.hikari.HikariDataSource - HikariPool-1 - Shutdown completed.
2026-02-04 08:48:35 [restartedMain] INFO  c.i.p.InternshipPlacementPortalApplication - Starting InternshipPlacementPortalApplication using Java 17.0.12 with PID 456 (D:\new\Internship-Industrial-Training-Platform-main\target\classes started by Adhokshaj in D:\new\Internship-Industrial-Training-Platform-main)
2026-02-04 08:48:35 [restartedMain] DEBUG c.i.p.InternshipPlacementPortalApplication - Running with Spring Boot v3.2.2, Spring v6.1.3
2026-02-04 08:48:35 [restartedMain] INFO  c.i.p.InternshipPlacementPortalApplication - No active profile set, falling back to 1 default profile: "default"
2026-02-04 08:48:36 [restartedMain] INFO  o.s.d.r.c.RepositoryConfigurationDelegate - Multiple Spring Data modules found, entering strict repository configuration mode
2026-02-04 08:48:36 [restartedMain] INFO  o.s.d.r.c.RepositoryConfigurationDelegate - Bootstrapping Spring Data JDBC repositories in DEFAULT mode.
2026-02-04 08:48:36 [restartedMain] INFO  o.s.d.r.c.RepositoryConfigurationExtensionSupport - Spring Data JDBC - Could not safely identify store assignment for repository candidate interface com.internship.portal.faculty.FacultyRepository; If you want this repository to be a JDBC repository, consider annotating your entities with one of these annotations: org.springframework.data.relational.core.mapping.Table.
2026-02-04 08:48:36 [restartedMain] INFO  o.s.d.r.c.RepositoryConfigurationExtensionSupport - Spring Data JDBC - Could not safely identify store assignment for repository candidate interface com.internship.portal.opportunity.application.ApplicationRepository; If you want this repository to be a JDBC repository, consider annotating your entities with one of these annotations: org.springframework.data.relational.core.mapping.Table.
2026-02-04 08:48:36 [restartedMain] INFO  o.s.d.r.c.RepositoryConfigurationExtensionSupport - Spring Data JDBC - Could not safely identify store assignment for repository candidate interface com.internship.portal.opportunity.OpportunityRepository; If you want this repository to be a JDBC repository, consider annotating your entities with one of these annotations: org.springframework.data.relational.core.mapping.Table.
2026-02-04 08:48:36 [restartedMain] INFO  o.s.d.r.c.RepositoryConfigurationExtensionSupport - Spring Data JDBC - Could not safely identify store assignment for repository candidate interface com.internship.portal.placementcell.PlacementCellRepository; If you want this repository to be a JDBC repository, consider annotating your entities with one of these annotations: org.springframework.data.relational.core.mapping.Table.
2026-02-04 08:48:36 [restartedMain] INFO  o.s.d.r.c.RepositoryConfigurationExtensionSupport - Spring Data JDBC - Could not safely identify store assignment for repository candidate interface com.internship.portal.student.StudentRepository; If you want this repository to be a JDBC repository, consider annotating your entities with one of these annotations: org.springframework.data.relational.core.mapping.Table.
2026-02-04 08:48:36 [restartedMain] INFO  o.s.d.r.c.RepositoryConfigurationExtensionSupport - Spring Data JDBC - Could not safely identify store assignment for repository candidate interface com.internship.portal.user.UserRepository; If you want this repository to be a JDBC repository, consider annotating your entities with one of these annotations: org.springframework.data.relational.core.mapping.Table.
2026-02-04 08:48:36 [restartedMain] INFO  o.s.d.r.c.RepositoryConfigurationDelegate - Finished Spring Data repository scanning in 105 ms. Found 0 JDBC repository interfaces.
2026-02-04 08:48:36 [restartedMain] INFO  o.s.d.r.c.RepositoryConfigurationDelegate - Multiple Spring Data modules found, entering strict repository configuration mode
2026-02-04 08:48:36 [restartedMain] INFO  o.s.d.r.c.RepositoryConfigurationDelegate - Bootstrapping Spring Data JPA repositories in DEFAULT mode.
2026-02-04 08:48:36 [restartedMain] INFO  o.s.d.r.c.RepositoryConfigurationDelegate - Finished Spring Data repository scanning in 41 ms. Found 6 JPA repository interfaces.
2026-02-04 08:48:36 [restartedMain] INFO  o.s.b.w.e.tomcat.TomcatWebServer - Tomcat initialized with port 8080 (http)
2026-02-04 08:48:36 [restartedMain] INFO  o.a.catalina.core.StandardService - Starting service [Tomcat]
2026-02-04 08:48:36 [restartedMain] INFO  o.a.catalina.core.StandardEngine - Starting Servlet engine: [Apache Tomcat/10.1.18]
2026-02-04 08:48:36 [restartedMain] INFO  o.a.c.c.C.[Tomcat].[localhost].[/] - Initializing Spring embedded WebApplicationContext
2026-02-04 08:48:36 [restartedMain] INFO  o.s.b.w.s.c.ServletWebServerApplicationContext - Root WebApplicationContext: initialization completed in 1299 ms
2026-02-04 08:48:37 [restartedMain] INFO  o.h.jpa.internal.util.LogHelper - HHH000204: Processing PersistenceUnitInfo [name: default]
2026-02-04 08:48:37 [restartedMain] INFO  o.h.c.i.RegionFactoryInitiator - HHH000026: Second-level cache disabled
2026-02-04 08:48:37 [restartedMain] INFO  o.s.o.j.p.SpringPersistenceUnitInfo - No LoadTimeWeaver setup: ignoring JPA class transformer
2026-02-04 08:48:37 [restartedMain] INFO  com.zaxxer.hikari.HikariDataSource - HikariPool-2 - Starting...
2026-02-04 08:48:37 [restartedMain] INFO  com.zaxxer.hikari.pool.HikariPool - HikariPool-2 - Added connection org.postgresql.jdbc.PgConnection@5b1ac90d
2026-02-04 08:48:37 [restartedMain] INFO  com.zaxxer.hikari.HikariDataSource - HikariPool-2 - Start completed.
2026-02-04 08:48:37 [restartedMain] WARN  org.hibernate.orm.deprecation - HHH90000025: PostgreSQLDialect does not need to be specified explicitly using 'hibernate.dialect' (remove the property setting and it will be selected by default)
2026-02-04 08:48:38 [restartedMain] INFO  o.h.e.t.j.p.i.JtaPlatformInitiator - HHH000489: No JTA platform available (set 'hibernate.transaction.jta.platform' to enable JTA platform integration)
2026-02-04 08:48:38 [restartedMain] INFO  o.s.o.j.LocalContainerEntityManagerFactoryBean - Initialized JPA EntityManagerFactory for persistence unit 'default'
2026-02-04 08:48:38 [restartedMain] DEBUG c.i.p.s.JwtAuthenticationFilter - Filter 'jwtAuthenticationFilter' configured for use
2026-02-04 08:48:38 [restartedMain] DEBUG o.s.w.f.ServerHttpObservationFilter - Filter 'webMvcObservationFilter' configured for use
2026-02-04 08:48:39 [restartedMain] INFO  c.i.p.service.FileStorageService - File storage directories created successfully
2026-02-04 08:48:39 [restartedMain] WARN  o.s.b.a.o.j.JpaBaseConfiguration$JpaWebConfiguration - spring.jpa.open-in-view is enabled by default. Therefore, database queries may be performed during view rendering. Explicitly configure spring.jpa.open-in-view to disable this warning
2026-02-04 08:48:39 [restartedMain] DEBUG o.s.w.s.m.m.a.RequestMappingHandlerMapping - 34 mappings in 'requestMappingHandlerMapping'
2026-02-04 08:48:39 [restartedMain] DEBUG o.s.w.s.h.SimpleUrlHandlerMapping - Patterns [/webjars/**, /**, /swagger-ui*/*swagger-initializer.js, /swagger-ui*/**] in 'resourceHandlerMapping'
2026-02-04 08:48:40 [restartedMain] INFO  o.s.b.a.e.web.EndpointLinksResolver - Exposing 3 endpoint(s) beneath base path '/actuator'
2026-02-04 08:48:40 [restartedMain] INFO  o.s.s.web.DefaultSecurityFilterChain - Will secure any request with [org.springframework.security.web.session.DisableEncodeUrlFilter@334815c7, org.springframework.security.web.context.request.async.WebAsyncManagerIntegrationFilter@10dd5bc3, org.springframework.security.web.context.SecurityContextHolderFilter@4188f553, org.springframework.security.web.header.HeaderWriterFilter@15abfd23, org.springframework.web.filter.CorsFilter@2bf3816a, org.springframework.web.filter.CorsFilter@2b434866, org.springframework.security.web.authentication.logout.LogoutFilter@b266061, com.internship.portal.security.JwtAuthenticationFilter@3b857f20, org.springframework.security.web.savedrequest.RequestCacheAwareFilter@5cf165e1, org.springframework.security.web.servletapi.SecurityContextHolderAwareRequestFilter@19936259, org.springframework.security.web.authentication.AnonymousAuthenticationFilter@58d686e4, org.springframework.security.web.session.SessionManagementFilter@c3273d3, org.springframework.security.web.access.ExceptionTranslationFilter@49464d94, org.springframework.security.web.access.intercept.AuthorizationFilter@30826693]
2026-02-04 08:48:40 [restartedMain] DEBUG o.s.w.s.m.m.a.RequestMappingHandlerAdapter - ControllerAdvice beans: 0 @ModelAttribute, 0 @InitBinder, 1 RequestBodyAdvice, 1 ResponseBodyAdvice
2026-02-04 08:48:40 [restartedMain] DEBUG o.s.w.s.m.m.a.ExceptionHandlerExceptionResolver - ControllerAdvice beans: 2 @ExceptionHandler, 1 ResponseBodyAdvice
2026-02-04 08:48:40 [restartedMain] INFO  o.s.b.d.a.OptionalLiveReloadServer - LiveReload server is running on port 35729
2026-02-04 08:48:40 [restartedMain] INFO  o.s.b.w.e.tomcat.TomcatWebServer - Tomcat started on port 8080 (http) with context path ''
2026-02-04 08:48:40 [restartedMain] INFO  c.i.p.InternshipPlacementPortalApplication - Started InternshipPlacementPortalApplication in 4.78 seconds (process running for 590.125)
2026-02-04 08:48:40 [restartedMain] INFO  o.s.b.d.a.ConditionEvaluationDeltaLoggingListener - Condition evaluation unchanged
2026-02-04 08:48:46 [File Watcher] INFO  o.s.b.d.a.LocalDevToolsAutoConfiguration$RestartingClassPathChangeChangedEventListener - Restarting due to 3 class path changes (3 additions, 0 deletions, 0 modifications)
2026-02-04 08:48:46 [Thread-7] INFO  o.s.o.j.LocalContainerEntityManagerFactoryBean - Closing JPA EntityManagerFactory for persistence unit 'default'
2026-02-04 08:48:46 [Thread-7] INFO  com.zaxxer.hikari.HikariDataSource - HikariPool-2 - Shutdown initiated...
2026-02-04 08:48:46 [Thread-7] INFO  com.zaxxer.hikari.HikariDataSource - HikariPool-2 - Shutdown completed.
2026-02-04 08:48:46 [restartedMain] INFO  c.i.p.InternshipPlacementPortalApplication - Starting InternshipPlacementPortalApplication using Java 17.0.12 with PID 456 (D:\new\Internship-Industrial-Training-Platform-main\target\classes started by Adhokshaj in D:\new\Internship-Industrial-Training-Platform-main)
2026-02-04 08:48:46 [restartedMain] DEBUG c.i.p.InternshipPlacementPortalApplication - Running with Spring Boot v3.2.2, Spring v6.1.3
2026-02-04 08:48:46 [restartedMain] INFO  c.i.p.InternshipPlacementPortalApplication - No active profile set, falling back to 1 default profile: "default"
2026-02-04 08:48:47 [restartedMain] INFO  o.s.d.r.c.RepositoryConfigurationDelegate - Multiple Spring Data modules found, entering strict repository configuration mode
2026-02-04 08:48:47 [restartedMain] INFO  o.s.d.r.c.RepositoryConfigurationDelegate - Bootstrapping Spring Data JDBC repositories in DEFAULT mode.
2026-02-04 08:48:47 [restartedMain] INFO  o.s.d.r.c.RepositoryConfigurationExtensionSupport - Spring Data JDBC - Could not safely identify store assignment for repository candidate interface com.internship.portal.faculty.FacultyRepository; If you want this repository to be a JDBC repository, consider annotating your entities with one of these annotations: org.springframework.data.relational.core.mapping.Table.
2026-02-04 08:48:47 [restartedMain] INFO  o.s.d.r.c.RepositoryConfigurationExtensionSupport - Spring Data JDBC - Could not safely identify store assignment for repository candidate interface com.internship.portal.opportunity.application.ApplicationRepository; If you want this repository to be a JDBC repository, consider annotating your entities with one of these annotations: org.springframework.data.relational.core.mapping.Table.
2026-02-04 08:48:47 [restartedMain] INFO  o.s.d.r.c.RepositoryConfigurationExtensionSupport - Spring Data JDBC - Could not safely identify store assignment for repository candidate interface com.internship.portal.opportunity.OpportunityRepository; If you want this repository to be a JDBC repository, consider annotating your entities with one of these annotations: org.springframework.data.relational.core.mapping.Table.
2026-02-04 08:48:47 [restartedMain] INFO  o.s.d.r.c.RepositoryConfigurationExtensionSupport - Spring Data JDBC - Could not safely identify store assignment for repository candidate interface com.internship.portal.placementcell.PlacementCellRepository; If you want this repository to be a JDBC repository, consider annotating your entities with one of these annotations: org.springframework.data.relational.core.mapping.Table.
2026-02-04 08:48:47 [restartedMain] INFO  o.s.d.r.c.RepositoryConfigurationExtensionSupport - Spring Data JDBC - Could not safely identify store assignment for repository candidate interface com.internship.portal.student.StudentRepository; If you want this repository to be a JDBC repository, consider annotating your entities with one of these annotations: org.springframework.data.relational.core.mapping.Table.
2026-02-04 08:48:47 [restartedMain] INFO  o.s.d.r.c.RepositoryConfigurationExtensionSupport - Spring Data JDBC - Could not safely identify store assignment for repository candidate interface com.internship.portal.user.UserRepository; If you want this repository to be a JDBC repository, consider annotating your entities with one of these annotations: org.springframework.data.relational.core.mapping.Table.
2026-02-04 08:48:47 [restartedMain] INFO  o.s.d.r.c.RepositoryConfigurationDelegate - Finished Spring Data repository scanning in 55 ms. Found 0 JDBC repository interfaces.
2026-02-04 08:48:47 [restartedMain] INFO  o.s.d.r.c.RepositoryConfigurationDelegate - Multiple Spring Data modules found, entering strict repository configuration mode
2026-02-04 08:48:47 [restartedMain] INFO  o.s.d.r.c.RepositoryConfigurationDelegate - Bootstrapping Spring Data JPA repositories in DEFAULT mode.
2026-02-04 08:48:47 [restartedMain] INFO  o.s.d.r.c.RepositoryConfigurationDelegate - Finished Spring Data repository scanning in 23 ms. Found 6 JPA repository interfaces.
2026-02-04 08:48:47 [restartedMain] INFO  o.s.b.w.e.tomcat.TomcatWebServer - Tomcat initialized with port 8080 (http)
2026-02-04 08:48:47 [restartedMain] INFO  o.a.catalina.core.StandardService - Starting service [Tomcat]
2026-02-04 08:48:47 [restartedMain] INFO  o.a.catalina.core.StandardEngine - Starting Servlet engine: [Apache Tomcat/10.1.18]
2026-02-04 08:48:47 [restartedMain] INFO  o.a.c.c.C.[Tomcat].[localhost].[/] - Initializing Spring embedded WebApplicationContext
2026-02-04 08:48:47 [restartedMain] INFO  o.s.b.w.s.c.ServletWebServerApplicationContext - Root WebApplicationContext: initialization completed in 576 ms
2026-02-04 08:48:47 [restartedMain] INFO  o.h.jpa.internal.util.LogHelper - HHH000204: Processing PersistenceUnitInfo [name: default]
2026-02-04 08:48:47 [restartedMain] INFO  o.h.c.i.RegionFactoryInitiator - HHH000026: Second-level cache disabled
2026-02-04 08:48:47 [restartedMain] INFO  o.s.o.j.p.SpringPersistenceUnitInfo - No LoadTimeWeaver setup: ignoring JPA class transformer
2026-02-04 08:48:47 [restartedMain] INFO  com.zaxxer.hikari.HikariDataSource - HikariPool-3 - Starting...
2026-02-04 08:48:47 [restartedMain] INFO  com.zaxxer.hikari.pool.HikariPool - HikariPool-3 - Added connection org.postgresql.jdbc.PgConnection@28f4d8f9
2026-02-04 08:48:47 [restartedMain] INFO  com.zaxxer.hikari.HikariDataSource - HikariPool-3 - Start completed.
2026-02-04 08:48:47 [restartedMain] WARN  org.hibernate.orm.deprecation - HHH90000025: PostgreSQLDialect does not need to be specified explicitly using 'hibernate.dialect' (remove the property setting and it will be selected by default)
2026-02-04 08:48:48 [restartedMain] INFO  o.h.e.t.j.p.i.JtaPlatformInitiator - HHH000489: No JTA platform available (set 'hibernate.transaction.jta.platform' to enable JTA platform integration)
2026-02-04 08:48:48 [restartedMain] INFO  o.s.o.j.LocalContainerEntityManagerFactoryBean - Initialized JPA EntityManagerFactory for persistence unit 'default'
2026-02-04 08:48:48 [restartedMain] DEBUG c.i.p.s.JwtAuthenticationFilter - Filter 'jwtAuthenticationFilter' configured for use
2026-02-04 08:48:48 [restartedMain] DEBUG o.s.w.f.ServerHttpObservationFilter - Filter 'webMvcObservationFilter' configured for use
2026-02-04 08:48:48 [restartedMain] INFO  c.i.p.service.FileStorageService - File storage directories created successfully
2026-02-04 08:48:48 [restartedMain] WARN  o.s.b.a.o.j.JpaBaseConfiguration$JpaWebConfiguration - spring.jpa.open-in-view is enabled by default. Therefore, database queries may be performed during view rendering. Explicitly configure spring.jpa.open-in-view to disable this warning
2026-02-04 08:48:48 [restartedMain] DEBUG o.s.w.s.m.m.a.RequestMappingHandlerMapping - 34 mappings in 'requestMappingHandlerMapping'
2026-02-04 08:48:48 [restartedMain] DEBUG o.s.w.s.h.SimpleUrlHandlerMapping - Patterns [/webjars/**, /**, /swagger-ui*/*swagger-initializer.js, /swagger-ui*/**] in 'resourceHandlerMapping'
2026-02-04 08:48:48 [restartedMain] INFO  o.s.b.a.e.web.EndpointLinksResolver - Exposing 3 endpoint(s) beneath base path '/actuator'
2026-02-04 08:48:48 [restartedMain] INFO  o.s.s.web.DefaultSecurityFilterChain - Will secure any request with [org.springframework.security.web.session.DisableEncodeUrlFilter@49d79859, org.springframework.security.web.context.request.async.WebAsyncManagerIntegrationFilter@abc35d6, org.springframework.security.web.context.SecurityContextHolderFilter@100af851, org.springframework.security.web.header.HeaderWriterFilter@228a3a84, org.springframework.web.filter.CorsFilter@30c6ac98, org.springframework.web.filter.CorsFilter@65601f0f, org.springframework.security.web.authentication.logout.LogoutFilter@208ece8f, com.internship.portal.security.JwtAuthenticationFilter@3882e0e7, org.springframework.security.web.savedrequest.RequestCacheAwareFilter@36b905ac, org.springframework.security.web.servletapi.SecurityContextHolderAwareRequestFilter@6c890756, org.springframework.security.web.authentication.AnonymousAuthenticationFilter@108046aa, org.springframework.security.web.session.SessionManagementFilter@3775c4ad, org.springframework.security.web.access.ExceptionTranslationFilter@52472507, org.springframework.security.web.access.intercept.AuthorizationFilter@2d8dc4b9]
2026-02-04 08:48:48 [restartedMain] DEBUG o.s.w.s.m.m.a.RequestMappingHandlerAdapter - ControllerAdvice beans: 0 @ModelAttribute, 0 @InitBinder, 1 RequestBodyAdvice, 1 ResponseBodyAdvice
2026-02-04 08:48:48 [restartedMain] DEBUG o.s.w.s.m.m.a.ExceptionHandlerExceptionResolver - ControllerAdvice beans: 2 @ExceptionHandler, 1 ResponseBodyAdvice
2026-02-04 08:48:49 [restartedMain] INFO  o.s.b.d.a.OptionalLiveReloadServer - LiveReload server is running on port 35729
2026-02-04 08:48:49 [restartedMain] INFO  o.s.b.w.e.tomcat.TomcatWebServer - Tomcat started on port 8080 (http) with context path ''
2026-02-04 08:48:49 [restartedMain] INFO  c.i.p.InternshipPlacementPortalApplication - Started InternshipPlacementPortalApplication in 2.204 seconds (process running for 598.881)
2026-02-04 08:48:49 [restartedMain] INFO  o.s.b.d.a.ConditionEvaluationDeltaLoggingListener - Condition evaluation unchanged
2026-02-04 08:48:59 [http-nio-8080-exec-1] INFO  o.a.c.c.C.[Tomcat].[localhost].[/] - Initializing Spring DispatcherServlet 'dispatcherServlet'
2026-02-04 08:48:59 [http-nio-8080-exec-1] INFO  o.s.web.servlet.DispatcherServlet - Initializing Servlet 'dispatcherServlet'
2026-02-04 08:48:59 [http-nio-8080-exec-1] DEBUG o.s.web.servlet.DispatcherServlet - Detected StandardServletMultipartResolver
2026-02-04 08:48:59 [http-nio-8080-exec-1] DEBUG o.s.web.servlet.DispatcherServlet - Detected AcceptHeaderLocaleResolver
2026-02-04 08:48:59 [http-nio-8080-exec-1] DEBUG o.s.web.servlet.DispatcherServlet - Detected FixedThemeResolver
2026-02-04 08:48:59 [http-nio-8080-exec-1] DEBUG o.s.web.servlet.DispatcherServlet - Detected org.springframework.web.servlet.view.DefaultRequestToViewNameTranslator@48036a02
2026-02-04 08:48:59 [http-nio-8080-exec-1] DEBUG o.s.web.servlet.DispatcherServlet - Detected org.springframework.web.servlet.support.SessionFlashMapManager@7c22dc86
2026-02-04 08:48:59 [http-nio-8080-exec-1] DEBUG o.s.web.servlet.DispatcherServlet - enableLoggingRequestDetails='false': request parameters and headers will be masked to prevent unsafe logging of potentially sensitive data
2026-02-04 08:48:59 [http-nio-8080-exec-1] INFO  o.s.web.servlet.DispatcherServlet - Completed initialization in 2 ms
2026-02-04 08:48:59 [http-nio-8080-exec-1] DEBUG o.s.security.web.FilterChainProxy - Securing GET /actuator/health
2026-02-04 08:48:59 [http-nio-8080-exec-1] DEBUG o.s.s.w.a.AnonymousAuthenticationFilter - Set SecurityContextHolder to anonymous SecurityContext
2026-02-04 08:48:59 [http-nio-8080-exec-1] DEBUG o.s.security.web.FilterChainProxy - Secured GET /actuator/health
2026-02-04 08:48:59 [http-nio-8080-exec-1] DEBUG o.s.web.servlet.DispatcherServlet - GET "/actuator/health", parameters={}
2026-02-04 08:48:59 [http-nio-8080-exec-1] DEBUG o.s.w.s.m.m.a.RequestResponseBodyMethodProcessor - Read "application/octet-stream" to []
2026-02-04 08:49:01 [http-nio-8080-exec-1] WARN  o.s.b.a.mail.MailHealthIndicator - Mail health check failed
jakarta.mail.AuthenticationFailedException: 535-5.7.8 Username and Password not accepted. For more information, go to
535 5.7.8  https://support.google.com/mail/?p=BadCredentials 41be03b00d2f7-c6c85729e2dsm637253a12.34 - gsmtp

	at org.eclipse.angus.mail.smtp.SMTPTransport$Authenticator.authenticate(SMTPTransport.java:954) ~[jakarta.mail-2.0.2.jar:na]
	at org.eclipse.angus.mail.smtp.SMTPTransport.authenticate(SMTPTransport.java:865) ~[jakarta.mail-2.0.2.jar:na]
	at org.eclipse.angus.mail.smtp.SMTPTransport.protocolConnect(SMTPTransport.java:769) ~[jakarta.mail-2.0.2.jar:na]
	at jakarta.mail.Service.connect(Service.java:345) ~[jakarta.mail-2.0.2.jar:na]
	at org.springframework.mail.javamail.JavaMailSenderImpl.connectTransport(JavaMailSenderImpl.java:480) ~[spring-context-support-6.1.3.jar:6.1.3]
	at org.springframework.mail.javamail.JavaMailSenderImpl.testConnection(JavaMailSenderImpl.java:360) ~[spring-context-support-6.1.3.jar:6.1.3]
	at org.springframework.boot.actuate.mail.MailHealthIndicator.doHealthCheck(MailHealthIndicator.java:52) ~[spring-boot-actuator-3.2.2.jar:3.2.2]
	at org.springframework.boot.actuate.health.AbstractHealthIndicator.health(AbstractHealthIndicator.java:82) ~[spring-boot-actuator-3.2.2.jar:3.2.2]
	at org.springframework.boot.actuate.health.HealthIndicator.getHealth(HealthIndicator.java:37) ~[spring-boot-actuator-3.2.2.jar:3.2.2]
	at org.springframework.boot.actuate.health.HealthEndpointWebExtension.getHealth(HealthEndpointWebExtension.java:94) ~[spring-boot-actuator-3.2.2.jar:3.2.2]
	at org.springframework.boot.actuate.health.HealthEndpointWebExtension.getHealth(HealthEndpointWebExtension.java:47) ~[spring-boot-actuator-3.2.2.jar:3.2.2]
	at org.springframework.boot.actuate.health.HealthEndpointSupport.getLoggedHealth(HealthEndpointSupport.java:172) ~[spring-boot-actuator-3.2.2.jar:3.2.2]
	at org.springframework.boot.actuate.health.HealthEndpointSupport.getContribution(HealthEndpointSupport.java:145) ~[spring-boot-actuator-3.2.2.jar:3.2.2]
	at org.springframework.boot.actuate.health.HealthEndpointSupport.getAggregateContribution(HealthEndpointSupport.java:156) ~[spring-boot-actuator-3.2.2.jar:3.2.2]
	at org.springframework.boot.actuate.health.HealthEndpointSupport.getContribution(HealthEndpointSupport.java:141) ~[spring-boot-actuator-3.2.2.jar:3.2.2]
	at org.springframework.boot.actuate.health.HealthEndpointSupport.getHealth(HealthEndpointSupport.java:110) ~[spring-boot-actuator-3.2.2.jar:3.2.2]
	at org.springframework.boot.actuate.health.HealthEndpointSupport.getHealth(HealthEndpointSupport.java:81) ~[spring-boot-actuator-3.2.2.jar:3.2.2]
	at org.springframework.boot.actuate.health.HealthEndpointWebExtension.health(HealthEndpointWebExtension.java:80) ~[spring-boot-actuator-3.2.2.jar:3.2.2]
	at org.springframework.boot.actuate.health.HealthEndpointWebExtension.health(HealthEndpointWebExtension.java:69) ~[spring-boot-actuator-3.2.2.jar:3.2.2]
	at java.base/jdk.internal.reflect.NativeMethodAccessorImpl.invoke0(Native Method) ~[na:na]
	at java.base/jdk.internal.reflect.NativeMethodAccessorImpl.invoke(NativeMethodAccessorImpl.java:77) ~[na:na]
	at java.base/jdk.internal.reflect.DelegatingMethodAccessorImpl.invoke(DelegatingMethodAccessorImpl.java:43) ~[na:na]
	at java.base/java.lang.reflect.Method.invoke(Method.java:568) ~[na:na]
	at org.springframework.util.ReflectionUtils.invokeMethod(ReflectionUtils.java:281) ~[spring-core-6.1.3.jar:6.1.3]
	at org.springframework.boot.actuate.endpoint.invoke.reflect.ReflectiveOperationInvoker.invoke(ReflectiveOperationInvoker.java:74) ~[spring-boot-actuator-3.2.2.jar:3.2.2]
	at org.springframework.boot.actuate.endpoint.annotation.AbstractDiscoveredOperation.invoke(AbstractDiscoveredOperation.java:60) ~[spring-boot-actuator-3.2.2.jar:3.2.2]
	at org.springframework.boot.actuate.endpoint.web.servlet.AbstractWebMvcEndpointHandlerMapping$ServletWebOperationAdapter.handle(AbstractWebMvcEndpointHandlerMapping.java:327) ~[spring-boot-actuator-3.2.2.jar:3.2.2]
	at org.springframework.boot.actuate.endpoint.web.servlet.AbstractWebMvcEndpointHandlerMapping$OperationHandler.handle(AbstractWebMvcEndpointHandlerMapping.java:434) ~[spring-boot-actuator-3.2.2.jar:3.2.2]
	at java.base/jdk.internal.reflect.NativeMethodAccessorImpl.invoke0(Native Method) ~[na:na]
	at java.base/jdk.internal.reflect.NativeMethodAccessorImpl.invoke(NativeMethodAccessorImpl.java:77) ~[na:na]
	at java.base/jdk.internal.reflect.DelegatingMethodAccessorImpl.invoke(DelegatingMethodAccessorImpl.java:43) ~[na:na]
	at java.base/java.lang.reflect.Method.invoke(Method.java:568) ~[na:na]
	at org.springframework.web.method.support.InvocableHandlerMethod.doInvoke(InvocableHandlerMethod.java:261) ~[spring-web-6.1.3.jar:6.1.3]
	at org.springframework.web.method.support.InvocableHandlerMethod.invokeForRequest(InvocableHandlerMethod.java:189) ~[spring-web-6.1.3.jar:6.1.3]
	at org.springframework.web.servlet.mvc.method.annotation.ServletInvocableHandlerMethod.invokeAndHandle(ServletInvocableHandlerMethod.java:118) ~[spring-webmvc-6.1.3.jar:6.1.3]
	at org.springframework.web.servlet.mvc.method.annotation.RequestMappingHandlerAdapter.invokeHandlerMethod(RequestMappingHandlerAdapter.java:917) ~[spring-webmvc-6.1.3.jar:6.1.3]
	at org.springframework.web.servlet.mvc.method.annotation.RequestMappingHandlerAdapter.handleInternal(RequestMappingHandlerAdapter.java:829) ~[spring-webmvc-6.1.3.jar:6.1.3]
	at org.springframework.web.servlet.mvc.method.AbstractHandlerMethodAdapter.handle(AbstractHandlerMethodAdapter.java:87) ~[spring-webmvc-6.1.3.jar:6.1.3]
	at org.springframework.web.servlet.DispatcherServlet.doDispatch(DispatcherServlet.java:1089) ~[spring-webmvc-6.1.3.jar:6.1.3]
	at org.springframework.web.servlet.DispatcherServlet.doService(DispatcherServlet.java:979) ~[spring-webmvc-6.1.3.jar:6.1.3]
	at org.springframework.web.servlet.FrameworkServlet.processRequest(FrameworkServlet.java:1014) ~[spring-webmvc-6.1.3.jar:6.1.3]
	at org.springframework.web.servlet.FrameworkServlet.doGet(FrameworkServlet.java:903) ~[spring-webmvc-6.1.3.jar:6.1.3]
	at jakarta.servlet.http.HttpServlet.service(HttpServlet.java:564) ~[tomcat-embed-core-10.1.18.jar:6.0]
	at org.springframework.web.servlet.FrameworkServlet.service(FrameworkServlet.java:885) ~[spring-webmvc-6.1.3.jar:6.1.3]
	at jakarta.servlet.http.HttpServlet.service(HttpServlet.java:658) ~[tomcat-embed-core-10.1.18.jar:6.0]
	at org.apache.catalina.core.ApplicationFilterChain.internalDoFilter(ApplicationFilterChain.java:205) ~[tomcat-embed-core-10.1.18.jar:10.1.18]
	at org.apache.catalina.core.ApplicationFilterChain.doFilter(ApplicationFilterChain.java:149) ~[tomcat-embed-core-10.1.18.jar:10.1.18]
	at org.apache.tomcat.websocket.server.WsFilter.doFilter(WsFilter.java:51) ~[tomcat-embed-websocket-10.1.18.jar:10.1.18]
	at org.apache.catalina.core.ApplicationFilterChain.internalDoFilter(ApplicationFilterChain.java:174) ~[tomcat-embed-core-10.1.18.jar:10.1.18]
	at org.apache.catalina.core.ApplicationFilterChain.doFilter(ApplicationFilterChain.java:149) ~[tomcat-embed-core-10.1.18.jar:10.1.18]
	at org.springframework.web.filter.OncePerRequestFilter.doFilter(OncePerRequestFilter.java:110) ~[spring-web-6.1.3.jar:6.1.3]
	at org.apache.catalina.core.ApplicationFilterChain.internalDoFilter(ApplicationFilterChain.java:174) ~[tomcat-embed-core-10.1.18.jar:10.1.18]
	at org.apache.catalina.core.ApplicationFilterChain.doFilter(ApplicationFilterChain.java:149) ~[tomcat-embed-core-10.1.18.jar:10.1.18]
	at org.springframework.web.filter.CompositeFilter$VirtualFilterChain.doFilter(CompositeFilter.java:108) ~[spring-web-6.1.3.jar:6.1.3]
	at org.springframework.security.web.FilterChainProxy.lambda$doFilterInternal$3(FilterChainProxy.java:231) ~[spring-security-web-6.2.1.jar:6.2.1]
	at org.springframework.security.web.ObservationFilterChainDecorator$FilterObservation$SimpleFilterObservation.lambda$wrap$1(ObservationFilterChainDecorator.java:479) ~[spring-security-web-6.2.1.jar:6.2.1]
	at org.springframework.security.web.ObservationFilterChainDecorator$AroundFilterObservation$SimpleAroundFilterObservation.lambda$wrap$1(ObservationFilterChainDecorator.java:340) ~[spring-security-web-6.2.1.jar:6.2.1]
	at org.springframework.security.web.ObservationFilterChainDecorator.lambda$wrapSecured$0(ObservationFilterChainDecorator.java:82) ~[spring-security-web-6.2.1.jar:6.2.1]
	at org.springframework.security.web.ObservationFilterChainDecorator$VirtualFilterChain.doFilter(ObservationFilterChainDecorator.java:128) ~[spring-security-web-6.2.1.jar:6.2.1]
	at org.springframework.security.web.access.intercept.AuthorizationFilter.doFilter(AuthorizationFilter.java:100) ~[spring-security-web-6.2.1.jar:6.2.1]
	at org.springframework.security.web.ObservationFilterChainDecorator$ObservationFilter.wrapFilter(ObservationFilterChainDecorator.java:240) ~[spring-security-web-6.2.1.jar:6.2.1]
	at org.springframework.security.web.ObservationFilterChainDecorator$ObservationFilter.doFilter(ObservationFilterChainDecorator.java:227) ~[spring-security-web-6.2.1.jar:6.2.1]
	at org.springframework.security.web.ObservationFilterChainDecorator$VirtualFilterChain.doFilter(ObservationFilterChainDecorator.java:137) ~[spring-security-web-6.2.1.jar:6.2.1]
	at org.springframework.security.web.access.ExceptionTranslationFilter.doFilter(ExceptionTranslationFilter.java:126) ~[spring-security-web-6.2.1.jar:6.2.1]
	at org.springframework.security.web.access.ExceptionTranslationFilter.doFilter(ExceptionTranslationFilter.java:120) ~[spring-security-web-6.2.1.jar:6.2.1]
	at org.springframework.security.web.ObservationFilterChainDecorator$ObservationFilter.wrapFilter(ObservationFilterChainDecorator.java:240) ~[spring-security-web-6.2.1.jar:6.2.1]
	at org.springframework.security.web.ObservationFilterChainDecorator$ObservationFilter.doFilter(ObservationFilterChainDecorator.java:227) ~[spring-security-web-6.2.1.jar:6.2.1]
	at org.springframework.security.web.ObservationFilterChainDecorator$VirtualFilterChain.doFilter(ObservationFilterChainDecorator.java:137) ~[spring-security-web-6.2.1.jar:6.2.1]
	at org.springframework.security.web.session.SessionManagementFilter.doFilter(SessionManagementFilter.java:131) ~[spring-security-web-6.2.1.jar:6.2.1]
	at org.springframework.security.web.session.SessionManagementFilter.doFilter(SessionManagementFilter.java:85) ~[spring-security-web-6.2.1.jar:6.2.1]
	at org.springframework.security.web.ObservationFilterChainDecorator$ObservationFilter.wrapFilter(ObservationFilterChainDecorator.java:240) ~[spring-security-web-6.2.1.jar:6.2.1]
	at org.springframework.security.web.ObservationFilterChainDecorator$ObservationFilter.doFilter(ObservationFilterChainDecorator.java:227) ~[spring-security-web-6.2.1.jar:6.2.1]
	at org.springframework.security.web.ObservationFilterChainDecorator$VirtualFilterChain.doFilter(ObservationFilterChainDecorator.java:137) ~[spring-security-web-6.2.1.jar:6.2.1]
	at org.springframework.security.web.authentication.AnonymousAuthenticationFilter.doFilter(AnonymousAuthenticationFilter.java:100) ~[spring-security-web-6.2.1.jar:6.2.1]
	at org.springframework.security.web.ObservationFilterChainDecorator$ObservationFilter.wrapFilter(ObservationFilterChainDecorator.java:240) ~[spring-security-web-6.2.1.jar:6.2.1]
	at org.springframework.security.web.ObservationFilterChainDecorator$ObservationFilter.doFilter(ObservationFilterChainDecorator.java:227) ~[spring-security-web-6.2.1.jar:6.2.1]
	at org.springframework.security.web.ObservationFilterChainDecorator$VirtualFilterChain.doFilter(ObservationFilterChainDecorator.java:137) ~[spring-security-web-6.2.1.jar:6.2.1]
	at org.springframework.security.web.servletapi.SecurityContextHolderAwareRequestFilter.doFilter(SecurityContextHolderAwareRequestFilter.java:179) ~[spring-security-web-6.2.1.jar:6.2.1]
	at org.springframework.security.web.ObservationFilterChainDecorator$ObservationFilter.wrapFilter(ObservationFilterChainDecorator.java:240) ~[spring-security-web-6.2.1.jar:6.2.1]
	at org.springframework.security.web.ObservationFilterChainDecorator$ObservationFilter.doFilter(ObservationFilterChainDecorator.java:227) ~[spring-security-web-6.2.1.jar:6.2.1]
	at org.springframework.security.web.ObservationFilterChainDecorator$VirtualFilterChain.doFilter(ObservationFilterChainDecorator.java:137) ~[spring-security-web-6.2.1.jar:6.2.1]
	at org.springframework.security.web.savedrequest.RequestCacheAwareFilter.doFilter(RequestCacheAwareFilter.java:63) ~[spring-security-web-6.2.1.jar:6.2.1]
	at org.springframework.security.web.ObservationFilterChainDecorator$ObservationFilter.wrapFilter(ObservationFilterChainDecorator.java:240) ~[spring-security-web-6.2.1.jar:6.2.1]
	at org.springframework.security.web.ObservationFilterChainDecorator$ObservationFilter.doFilter(ObservationFilterChainDecorator.java:227) ~[spring-security-web-6.2.1.jar:6.2.1]
	at org.springframework.security.web.ObservationFilterChainDecorator$VirtualFilterChain.doFilter(ObservationFilterChainDecorator.java:137) ~[spring-security-web-6.2.1.jar:6.2.1]
	at com.internship.portal.security.JwtAuthenticationFilter.doFilterInternal(JwtAuthenticationFilter.java:40) ~[classes/:na]
	at org.springframework.web.filter.OncePerRequestFilter.doFilter(OncePerRequestFilter.java:116) ~[spring-web-6.1.3.jar:6.1.3]
	at org.springframework.security.web.ObservationFilterChainDecorator$ObservationFilter.wrapFilter(ObservationFilterChainDecorator.java:240) ~[spring-security-web-6.2.1.jar:6.2.1]
	at org.springframework.security.web.ObservationFilterChainDecorator$ObservationFilter.doFilter(ObservationFilterChainDecorator.java:227) ~[spring-security-web-6.2.1.jar:6.2.1]
	at org.springframework.security.web.ObservationFilterChainDecorator$VirtualFilterChain.doFilter(ObservationFilterChainDecorator.java:137) ~[spring-security-web-6.2.1.jar:6.2.1]
	at org.springframework.security.web.authentication.logout.LogoutFilter.doFilter(LogoutFilter.java:107) ~[spring-security-web-6.2.1.jar:6.2.1]
	at org.springframework.security.web.authentication.logout.LogoutFilter.doFilter(LogoutFilter.java:93) ~[spring-security-web-6.2.1.jar:6.2.1]
	at org.springframework.security.web.ObservationFilterChainDecorator$ObservationFilter.wrapFilter(ObservationFilterChainDecorator.java:240) ~[spring-security-web-6.2.1.jar:6.2.1]
	at org.springframework.security.web.ObservationFilterChainDecorator$ObservationFilter.doFilter(ObservationFilterChainDecorator.java:227) ~[spring-security-web-6.2.1.jar:6.2.1]
	at org.springframework.security.web.ObservationFilterChainDecorator$VirtualFilterChain.doFilter(ObservationFilterChainDecorator.java:137) ~[spring-security-web-6.2.1.jar:6.2.1]
	at org.springframework.web.filter.OncePerRequestFilter.doFilter(OncePerRequestFilter.java:110) ~[spring-web-6.1.3.jar:6.1.3]
	at org.springframework.security.web.ObservationFilterChainDecorator$ObservationFilter.wrapFilter(ObservationFilterChainDecorator.java:240) ~[spring-security-web-6.2.1.jar:6.2.1]
	at org.springframework.security.web.ObservationFilterChainDecorator$ObservationFilter.doFilter(ObservationFilterChainDecorator.java:227) ~[spring-security-web-6.2.1.jar:6.2.1]
	at org.springframework.security.web.ObservationFilterChainDecorator$VirtualFilterChain.doFilter(ObservationFilterChainDecorator.java:137) ~[spring-security-web-6.2.1.jar:6.2.1]
	at org.springframework.web.filter.CorsFilter.doFilterInternal(CorsFilter.java:91) ~[spring-web-6.1.3.jar:6.1.3]
	at org.springframework.web.filter.OncePerRequestFilter.doFilter(OncePerRequestFilter.java:116) ~[spring-web-6.1.3.jar:6.1.3]
	at org.springframework.security.web.ObservationFilterChainDecorator$ObservationFilter.wrapFilter(ObservationFilterChainDecorator.java:240) ~[spring-security-web-6.2.1.jar:6.2.1]
	at org.springframework.security.web.ObservationFilterChainDecorator$ObservationFilter.doFilter(ObservationFilterChainDecorator.java:227) ~[spring-security-web-6.2.1.jar:6.2.1]
	at org.springframework.security.web.ObservationFilterChainDecorator$VirtualFilterChain.doFilter(ObservationFilterChainDecorator.java:137) ~[spring-security-web-6.2.1.jar:6.2.1]
	at org.springframework.security.web.header.HeaderWriterFilter.doHeadersAfter(HeaderWriterFilter.java:90) ~[spring-security-web-6.2.1.jar:6.2.1]
	at org.springframework.security.web.header.HeaderWriterFilter.doFilterInternal(HeaderWriterFilter.java:75) ~[spring-security-web-6.2.1.jar:6.2.1]
	at org.springframework.web.filter.OncePerRequestFilter.doFilter(OncePerRequestFilter.java:116) ~[spring-web-6.1.3.jar:6.1.3]
	at org.springframework.security.web.ObservationFilterChainDecorator$ObservationFilter.wrapFilter(ObservationFilterChainDecorator.java:240) ~[spring-security-web-6.2.1.jar:6.2.1]
	at org.springframework.security.web.ObservationFilterChainDecorator$ObservationFilter.doFilter(ObservationFilterChainDecorator.java:227) ~[spring-security-web-6.2.1.jar:6.2.1]
	at org.springframework.security.web.ObservationFilterChainDecorator$VirtualFilterChain.doFilter(ObservationFilterChainDecorator.java:137) ~[spring-security-web-6.2.1.jar:6.2.1]
	at org.springframework.security.web.context.SecurityContextHolderFilter.doFilter(SecurityContextHolderFilter.java:82) ~[spring-security-web-6.2.1.jar:6.2.1]
	at org.springframework.security.web.context.SecurityContextHolderFilter.doFilter(SecurityContextHolderFilter.java:69) ~[spring-security-web-6.2.1.jar:6.2.1]
	at org.springframework.security.web.ObservationFilterChainDecorator$ObservationFilter.wrapFilter(ObservationFilterChainDecorator.java:240) ~[spring-security-web-6.2.1.jar:6.2.1]
	at org.springframework.security.web.ObservationFilterChainDecorator$ObservationFilter.doFilter(ObservationFilterChainDecorator.java:227) ~[spring-security-web-6.2.1.jar:6.2.1]
	at org.springframework.security.web.ObservationFilterChainDecorator$VirtualFilterChain.doFilter(ObservationFilterChainDecorator.java:137) ~[spring-security-web-6.2.1.jar:6.2.1]
	at org.springframework.security.web.context.request.async.WebAsyncManagerIntegrationFilter.doFilterInternal(WebAsyncManagerIntegrationFilter.java:62) ~[spring-security-web-6.2.1.jar:6.2.1]
	at org.springframework.web.filter.OncePerRequestFilter.doFilter(OncePerRequestFilter.java:116) ~[spring-web-6.1.3.jar:6.1.3]
	at org.springframework.security.web.ObservationFilterChainDecorator$ObservationFilter.wrapFilter(ObservationFilterChainDecorator.java:240) ~[spring-security-web-6.2.1.jar:6.2.1]
	at org.springframework.security.web.ObservationFilterChainDecorator$ObservationFilter.doFilter(ObservationFilterChainDecorator.java:227) ~[spring-security-web-6.2.1.jar:6.2.1]
	at org.springframework.security.web.ObservationFilterChainDecorator$VirtualFilterChain.doFilter(ObservationFilterChainDecorator.java:137) ~[spring-security-web-6.2.1.jar:6.2.1]
	at org.springframework.security.web.session.DisableEncodeUrlFilter.doFilterInternal(DisableEncodeUrlFilter.java:42) ~[spring-security-web-6.2.1.jar:6.2.1]
	at org.springframework.web.filter.OncePerRequestFilter.doFilter(OncePerRequestFilter.java:116) ~[spring-web-6.1.3.jar:6.1.3]
	at org.springframework.security.web.ObservationFilterChainDecorator$ObservationFilter.wrapFilter(ObservationFilterChainDecorator.java:240) ~[spring-security-web-6.2.1.jar:6.2.1]
	at org.springframework.security.web.ObservationFilterChainDecorator$AroundFilterObservation$SimpleAroundFilterObservation.lambda$wrap$0(ObservationFilterChainDecorator.java:323) ~[spring-security-web-6.2.1.jar:6.2.1]
	at org.springframework.security.web.ObservationFilterChainDecorator$ObservationFilter.doFilter(ObservationFilterChainDecorator.java:224) ~[spring-security-web-6.2.1.jar:6.2.1]
	at org.springframework.security.web.ObservationFilterChainDecorator$VirtualFilterChain.doFilter(ObservationFilterChainDecorator.java:137) ~[spring-security-web-6.2.1.jar:6.2.1]
	at org.springframework.security.web.FilterChainProxy.doFilterInternal(FilterChainProxy.java:233) ~[spring-security-web-6.2.1.jar:6.2.1]
	at org.springframework.security.web.FilterChainProxy.doFilter(FilterChainProxy.java:191) ~[spring-security-web-6.2.1.jar:6.2.1]
	at org.springframework.web.filter.CompositeFilter$VirtualFilterChain.doFilter(CompositeFilter.java:113) ~[spring-web-6.1.3.jar:6.1.3]
	at org.springframework.web.servlet.handler.HandlerMappingIntrospector.lambda$createCacheFilter$3(HandlerMappingIntrospector.java:195) ~[spring-webmvc-6.1.3.jar:6.1.3]
	at org.springframework.web.filter.CompositeFilter$VirtualFilterChain.doFilter(CompositeFilter.java:113) ~[spring-web-6.1.3.jar:6.1.3]
	at org.springframework.web.filter.CompositeFilter.doFilter(CompositeFilter.java:74) ~[spring-web-6.1.3.jar:6.1.3]
	at org.springframework.security.config.annotation.web.configuration.WebMvcSecurityConfiguration$CompositeFilterChainProxy.doFilter(WebMvcSecurityConfiguration.java:225) ~[spring-security-config-6.2.1.jar:6.2.1]
	at org.springframework.web.filter.DelegatingFilterProxy.invokeDelegate(DelegatingFilterProxy.java:352) ~[spring-web-6.1.3.jar:6.1.3]
	at org.springframework.web.filter.DelegatingFilterProxy.doFilter(DelegatingFilterProxy.java:268) ~[spring-web-6.1.3.jar:6.1.3]
	at org.apache.catalina.core.ApplicationFilterChain.internalDoFilter(ApplicationFilterChain.java:174) ~[tomcat-embed-core-10.1.18.jar:10.1.18]
	at org.apache.catalina.core.ApplicationFilterChain.doFilter(ApplicationFilterChain.java:149) ~[tomcat-embed-core-10.1.18.jar:10.1.18]
	at org.springframework.web.filter.RequestContextFilter.doFilterInternal(RequestContextFilter.java:100) ~[spring-web-6.1.3.jar:6.1.3]
	at org.springframework.web.filter.OncePerRequestFilter.doFilter(OncePerRequestFilter.java:116) ~[spring-web-6.1.3.jar:6.1.3]
	at org.apache.catalina.core.ApplicationFilterChain.internalDoFilter(ApplicationFilterChain.java:174) ~[tomcat-embed-core-10.1.18.jar:10.1.18]
	at org.apache.catalina.core.ApplicationFilterChain.doFilter(ApplicationFilterChain.java:149) ~[tomcat-embed-core-10.1.18.jar:10.1.18]
	at org.springframework.web.filter.FormContentFilter.doFilterInternal(FormContentFilter.java:93) ~[spring-web-6.1.3.jar:6.1.3]
	at org.springframework.web.filter.OncePerRequestFilter.doFilter(OncePerRequestFilter.java:116) ~[spring-web-6.1.3.jar:6.1.3]
	at org.apache.catalina.core.ApplicationFilterChain.internalDoFilter(ApplicationFilterChain.java:174) ~[tomcat-embed-core-10.1.18.jar:10.1.18]
	at org.apache.catalina.core.ApplicationFilterChain.doFilter(ApplicationFilterChain.java:149) ~[tomcat-embed-core-10.1.18.jar:10.1.18]
	at org.springframework.web.filter.ServerHttpObservationFilter.doFilterInternal(ServerHttpObservationFilter.java:109) ~[spring-web-6.1.3.jar:6.1.3]
	at org.springframework.web.filter.OncePerRequestFilter.doFilter(OncePerRequestFilter.java:116) ~[spring-web-6.1.3.jar:6.1.3]
	at org.apache.catalina.core.ApplicationFilterChain.internalDoFilter(ApplicationFilterChain.java:174) ~[tomcat-embed-core-10.1.18.jar:10.1.18]
	at org.apache.catalina.core.ApplicationFilterChain.doFilter(ApplicationFilterChain.java:149) ~[tomcat-embed-core-10.1.18.jar:10.1.18]
	at org.springframework.web.filter.CharacterEncodingFilter.doFilterInternal(CharacterEncodingFilter.java:201) ~[spring-web-6.1.3.jar:6.1.3]
	at org.springframework.web.filter.OncePerRequestFilter.doFilter(OncePerRequestFilter.java:116) ~[spring-web-6.1.3.jar:6.1.3]
	at org.apache.catalina.core.ApplicationFilterChain.internalDoFilter(ApplicationFilterChain.java:174) ~[tomcat-embed-core-10.1.18.jar:10.1.18]
	at org.apache.catalina.core.ApplicationFilterChain.doFilter(ApplicationFilterChain.java:149) ~[tomcat-embed-core-10.1.18.jar:10.1.18]
	at org.apache.catalina.core.StandardWrapperValve.invoke(StandardWrapperValve.java:167) ~[tomcat-embed-core-10.1.18.jar:10.1.18]
	at org.apache.catalina.core.StandardContextValve.invoke(StandardContextValve.java:90) ~[tomcat-embed-core-10.1.18.jar:10.1.18]
	at org.apache.catalina.authenticator.AuthenticatorBase.invoke(AuthenticatorBase.java:482) ~[tomcat-embed-core-10.1.18.jar:10.1.18]
	at org.apache.catalina.core.StandardHostValve.invoke(StandardHostValve.java:115) ~[tomcat-embed-core-10.1.18.jar:10.1.18]
	at org.apache.catalina.valves.ErrorReportValve.invoke(ErrorReportValve.java:93) ~[tomcat-embed-core-10.1.18.jar:10.1.18]
	at org.apache.catalina.core.StandardEngineValve.invoke(StandardEngineValve.java:74) ~[tomcat-embed-core-10.1.18.jar:10.1.18]
	at org.apache.catalina.connector.CoyoteAdapter.service(CoyoteAdapter.java:340) ~[tomcat-embed-core-10.1.18.jar:10.1.18]
	at org.apache.coyote.http11.Http11Processor.service(Http11Processor.java:391) ~[tomcat-embed-core-10.1.18.jar:10.1.18]
	at org.apache.coyote.AbstractProcessorLight.process(AbstractProcessorLight.java:63) ~[tomcat-embed-core-10.1.18.jar:10.1.18]
	at org.apache.coyote.AbstractProtocol$ConnectionHandler.process(AbstractProtocol.java:896) ~[tomcat-embed-core-10.1.18.jar:10.1.18]
	at org.apache.tomcat.util.net.NioEndpoint$SocketProcessor.doRun(NioEndpoint.java:1744) ~[tomcat-embed-core-10.1.18.jar:10.1.18]
	at org.apache.tomcat.util.net.SocketProcessorBase.run(SocketProcessorBase.java:52) ~[tomcat-embed-core-10.1.18.jar:10.1.18]
	at org.apache.tomcat.util.threads.ThreadPoolExecutor.runWorker(ThreadPoolExecutor.java:1191) ~[tomcat-embed-core-10.1.18.jar:10.1.18]
	at org.apache.tomcat.util.threads.ThreadPoolExecutor$Worker.run(ThreadPoolExecutor.java:659) ~[tomcat-embed-core-10.1.18.jar:10.1.18]
	at org.apache.tomcat.util.threads.TaskThread$WrappingRunnable.run(TaskThread.java:61) ~[tomcat-embed-core-10.1.18.jar:10.1.18]
	at java.base/java.lang.Thread.run(Thread.java:842) ~[na:na]
2026-02-04 08:49:01 [http-nio-8080-exec-1] DEBUG o.s.w.s.m.m.a.HttpEntityMethodProcessor - Using 'application/vnd.spring-boot.actuator.v3+json;q=0.8', given [text/html, application/xhtml+xml, image/avif, image/webp, image/apng, application/xml;q=0.9, */*;q=0.8, application/signed-exchange;v=b3;q=0.7] and supported [application/vnd.spring-boot.actuator.v3+json, application/vnd.spring-boot.actuator.v2+json, application/json]
2026-02-04 08:49:01 [http-nio-8080-exec-1] DEBUG o.s.w.s.m.m.a.HttpEntityMethodProcessor - Writing [org.springframework.boot.actuate.health.SystemHealth@10837310]
2026-02-04 08:49:01 [http-nio-8080-exec-1] DEBUG o.s.web.servlet.DispatcherServlet - Completed 503 SERVICE_UNAVAILABLE
2026-02-04 08:49:01 [http-nio-8080-exec-2] DEBUG o.s.security.web.FilterChainProxy - Securing GET /favicon.ico
2026-02-04 08:49:01 [http-nio-8080-exec-2] DEBUG o.s.s.w.a.AnonymousAuthenticationFilter - Set SecurityContextHolder to anonymous SecurityContext
2026-02-04 08:49:01 [http-nio-8080-exec-2] ERROR c.i.p.s.JwtAuthenticationEntryPoint - Unauthorized error: Full authentication is required to access this resource
2026-02-04 08:52:39 [http-nio-8080-exec-4] DEBUG o.s.security.web.FilterChainProxy - Securing POST /api/v1/auth/login
2026-02-04 08:52:39 [http-nio-8080-exec-4] DEBUG o.s.s.w.a.AnonymousAuthenticationFilter - Set SecurityContextHolder to anonymous SecurityContext
2026-02-04 08:52:39 [http-nio-8080-exec-4] DEBUG o.s.security.web.FilterChainProxy - Secured POST /api/v1/auth/login
2026-02-04 08:52:39 [http-nio-8080-exec-4] DEBUG o.s.web.servlet.DispatcherServlet - POST "/api/v1/auth/login", parameters={}
2026-02-04 08:52:39 [http-nio-8080-exec-4] DEBUG o.s.w.s.m.m.a.RequestMappingHandlerMapping - Mapped to com.internship.portal.user.AuthController#login(LoginRequest)
2026-02-04 08:52:39 [http-nio-8080-exec-4] DEBUG o.s.w.s.m.m.a.RequestResponseBodyMethodProcessor - Read "application/octet-stream" to []
2026-02-04 08:52:39 [http-nio-8080-exec-4] DEBUG o.s.w.s.m.m.a.ExceptionHandlerExceptionResolver - Using @ExceptionHandler com.internship.portal.exception.GlobalExceptionHandler#handleGlobalException(Exception, HttpServletRequest)
2026-02-04 08:52:39 [http-nio-8080-exec-4] ERROR c.i.p.e.GlobalExceptionHandler - Unexpected error occurred: 
org.springframework.http.converter.HttpMessageNotReadableException: Required request body is missing: public org.springframework.http.ResponseEntity<com.internship.portal.dto.AuthResponse> com.internship.portal.user.AuthController.login(com.internship.portal.dto.LoginRequest)
	at org.springframework.web.servlet.mvc.method.annotation.RequestResponseBodyMethodProcessor.readWithMessageConverters(RequestResponseBodyMethodProcessor.java:162) ~[spring-webmvc-6.1.3.jar:6.1.3]
	at org.springframework.web.servlet.mvc.method.annotation.RequestResponseBodyMethodProcessor.resolveArgument(RequestResponseBodyMethodProcessor.java:134) ~[spring-webmvc-6.1.3.jar:6.1.3]
	at org.springframework.web.method.support.HandlerMethodArgumentResolverComposite.resolveArgument(HandlerMethodArgumentResolverComposite.java:122) ~[spring-web-6.1.3.jar:6.1.3]
	at org.springframework.web.method.support.InvocableHandlerMethod.getMethodArgumentValues(InvocableHandlerMethod.java:225) ~[spring-web-6.1.3.jar:6.1.3]
	at org.springframework.web.method.support.InvocableHandlerMethod.invokeForRequest(InvocableHandlerMethod.java:178) ~[spring-web-6.1.3.jar:6.1.3]
	at org.springframework.web.servlet.mvc.method.annotation.ServletInvocableHandlerMethod.invokeAndHandle(ServletInvocableHandlerMethod.java:118) ~[spring-webmvc-6.1.3.jar:6.1.3]
	at org.springframework.web.servlet.mvc.method.annotation.RequestMappingHandlerAdapter.invokeHandlerMethod(RequestMappingHandlerAdapter.java:917) ~[spring-webmvc-6.1.3.jar:6.1.3]
	at org.springframework.web.servlet.mvc.method.annotation.RequestMappingHandlerAdapter.handleInternal(RequestMappingHandlerAdapter.java:829) ~[spring-webmvc-6.1.3.jar:6.1.3]
	at org.springframework.web.servlet.mvc.method.AbstractHandlerMethodAdapter.handle(AbstractHandlerMethodAdapter.java:87) ~[spring-webmvc-6.1.3.jar:6.1.3]
	at org.springframework.web.servlet.DispatcherServlet.doDispatch(DispatcherServlet.java:1089) ~[spring-webmvc-6.1.3.jar:6.1.3]
	at org.springframework.web.servlet.DispatcherServlet.doService(DispatcherServlet.java:979) ~[spring-webmvc-6.1.3.jar:6.1.3]
	at org.springframework.web.servlet.FrameworkServlet.processRequest(FrameworkServlet.java:1014) ~[spring-webmvc-6.1.3.jar:6.1.3]
	at org.springframework.web.servlet.FrameworkServlet.doPost(FrameworkServlet.java:914) ~[spring-webmvc-6.1.3.jar:6.1.3]
	at jakarta.servlet.http.HttpServlet.service(HttpServlet.java:590) ~[tomcat-embed-core-10.1.18.jar:6.0]
	at org.springframework.web.servlet.FrameworkServlet.service(FrameworkServlet.java:885) ~[spring-webmvc-6.1.3.jar:6.1.3]
	at jakarta.servlet.http.HttpServlet.service(HttpServlet.java:658) ~[tomcat-embed-core-10.1.18.jar:6.0]
	at org.apache.catalina.core.ApplicationFilterChain.internalDoFilter(ApplicationFilterChain.java:205) ~[tomcat-embed-core-10.1.18.jar:10.1.18]
	at org.apache.catalina.core.ApplicationFilterChain.doFilter(ApplicationFilterChain.java:149) ~[tomcat-embed-core-10.1.18.jar:10.1.18]
	at org.apache.tomcat.websocket.server.WsFilter.doFilter(WsFilter.java:51) ~[tomcat-embed-websocket-10.1.18.jar:10.1.18]
	at org.apache.catalina.core.ApplicationFilterChain.internalDoFilter(ApplicationFilterChain.java:174) ~[tomcat-embed-core-10.1.18.jar:10.1.18]
	at org.apache.catalina.core.ApplicationFilterChain.doFilter(ApplicationFilterChain.java:149) ~[tomcat-embed-core-10.1.18.jar:10.1.18]
	at org.springframework.web.filter.OncePerRequestFilter.doFilter(OncePerRequestFilter.java:110) ~[spring-web-6.1.3.jar:6.1.3]
	at org.apache.catalina.core.ApplicationFilterChain.internalDoFilter(ApplicationFilterChain.java:174) ~[tomcat-embed-core-10.1.18.jar:10.1.18]
	at org.apache.catalina.core.ApplicationFilterChain.doFilter(ApplicationFilterChain.java:149) ~[tomcat-embed-core-10.1.18.jar:10.1.18]
	at org.springframework.web.filter.CompositeFilter$VirtualFilterChain.doFilter(CompositeFilter.java:108) ~[spring-web-6.1.3.jar:6.1.3]
	at org.springframework.security.web.FilterChainProxy.lambda$doFilterInternal$3(FilterChainProxy.java:231) ~[spring-security-web-6.2.1.jar:6.2.1]
	at org.springframework.security.web.ObservationFilterChainDecorator$FilterObservation$SimpleFilterObservation.lambda$wrap$1(ObservationFilterChainDecorator.java:479) ~[spring-security-web-6.2.1.jar:6.2.1]
	at org.springframework.security.web.ObservationFilterChainDecorator$AroundFilterObservation$SimpleAroundFilterObservation.lambda$wrap$1(ObservationFilterChainDecorator.java:340) ~[spring-security-web-6.2.1.jar:6.2.1]
	at org.springframework.security.web.ObservationFilterChainDecorator.lambda$wrapSecured$0(ObservationFilterChainDecorator.java:82) ~[spring-security-web-6.2.1.jar:6.2.1]
	at org.springframework.security.web.ObservationFilterChainDecorator$VirtualFilterChain.doFilter(ObservationFilterChainDecorator.java:128) ~[spring-security-web-6.2.1.jar:6.2.1]
	at org.springframework.security.web.access.intercept.AuthorizationFilter.doFilter(AuthorizationFilter.java:100) ~[spring-security-web-6.2.1.jar:6.2.1]
	at org.springframework.security.web.ObservationFilterChainDecorator$ObservationFilter.wrapFilter(ObservationFilterChainDecorator.java:240) ~[spring-security-web-6.2.1.jar:6.2.1]
	at org.springframework.security.web.ObservationFilterChainDecorator$ObservationFilter.doFilter(ObservationFilterChainDecorator.java:227) ~[spring-security-web-6.2.1.jar:6.2.1]
	at org.springframework.security.web.ObservationFilterChainDecorator$VirtualFilterChain.doFilter(ObservationFilterChainDecorator.java:137) ~[spring-security-web-6.2.1.jar:6.2.1]
	at org.springframework.security.web.access.ExceptionTranslationFilter.doFilter(ExceptionTranslationFilter.java:126) ~[spring-security-web-6.2.1.jar:6.2.1]
	at org.springframework.security.web.access.ExceptionTranslationFilter.doFilter(ExceptionTranslationFilter.java:120) ~[spring-security-web-6.2.1.jar:6.2.1]
	at org.springframework.security.web.ObservationFilterChainDecorator$ObservationFilter.wrapFilter(ObservationFilterChainDecorator.java:240) ~[spring-security-web-6.2.1.jar:6.2.1]
	at org.springframework.security.web.ObservationFilterChainDecorator$ObservationFilter.doFilter(ObservationFilterChainDecorator.java:227) ~[spring-security-web-6.2.1.jar:6.2.1]
	at org.springframework.security.web.ObservationFilterChainDecorator$VirtualFilterChain.doFilter(ObservationFilterChainDecorator.java:137) ~[spring-security-web-6.2.1.jar:6.2.1]
	at org.springframework.security.web.session.SessionManagementFilter.doFilter(SessionManagementFilter.java:131) ~[spring-security-web-6.2.1.jar:6.2.1]
	at org.springframework.security.web.session.SessionManagementFilter.doFilter(SessionManagementFilter.java:85) ~[spring-security-web-6.2.1.jar:6.2.1]
	at org.springframework.security.web.ObservationFilterChainDecorator$ObservationFilter.wrapFilter(ObservationFilterChainDecorator.java:240) ~[spring-security-web-6.2.1.jar:6.2.1]
	at org.springframework.security.web.ObservationFilterChainDecorator$ObservationFilter.doFilter(ObservationFilterChainDecorator.java:227) ~[spring-security-web-6.2.1.jar:6.2.1]
	at org.springframework.security.web.ObservationFilterChainDecorator$VirtualFilterChain.doFilter(ObservationFilterChainDecorator.java:137) ~[spring-security-web-6.2.1.jar:6.2.1]
	at org.springframework.security.web.authentication.AnonymousAuthenticationFilter.doFilter(AnonymousAuthenticationFilter.java:100) ~[spring-security-web-6.2.1.jar:6.2.1]
	at org.springframework.security.web.ObservationFilterChainDecorator$ObservationFilter.wrapFilter(ObservationFilterChainDecorator.java:240) ~[spring-security-web-6.2.1.jar:6.2.1]
	at org.springframework.security.web.ObservationFilterChainDecorator$ObservationFilter.doFilter(ObservationFilterChainDecorator.java:227) ~[spring-security-web-6.2.1.jar:6.2.1]
	at org.springframework.security.web.ObservationFilterChainDecorator$VirtualFilterChain.doFilter(ObservationFilterChainDecorator.java:137) ~[spring-security-web-6.2.1.jar:6.2.1]
	at org.springframework.security.web.servletapi.SecurityContextHolderAwareRequestFilter.doFilter(SecurityContextHolderAwareRequestFilter.java:179) ~[spring-security-web-6.2.1.jar:6.2.1]
	at org.springframework.security.web.ObservationFilterChainDecorator$ObservationFilter.wrapFilter(ObservationFilterChainDecorator.java:240) ~[spring-security-web-6.2.1.jar:6.2.1]
	at org.springframework.security.web.ObservationFilterChainDecorator$ObservationFilter.doFilter(ObservationFilterChainDecorator.java:227) ~[spring-security-web-6.2.1.jar:6.2.1]
	at org.springframework.security.web.ObservationFilterChainDecorator$VirtualFilterChain.doFilter(ObservationFilterChainDecorator.java:137) ~[spring-security-web-6.2.1.jar:6.2.1]
	at org.springframework.security.web.savedrequest.RequestCacheAwareFilter.doFilter(RequestCacheAwareFilter.java:63) ~[spring-security-web-6.2.1.jar:6.2.1]
	at org.springframework.security.web.ObservationFilterChainDecorator$ObservationFilter.wrapFilter(ObservationFilterChainDecorator.java:240) ~[spring-security-web-6.2.1.jar:6.2.1]
	at org.springframework.security.web.ObservationFilterChainDecorator$ObservationFilter.doFilter(ObservationFilterChainDecorator.java:227) ~[spring-security-web-6.2.1.jar:6.2.1]
	at org.springframework.security.web.ObservationFilterChainDecorator$VirtualFilterChain.doFilter(ObservationFilterChainDecorator.java:137) ~[spring-security-web-6.2.1.jar:6.2.1]
	at com.internship.portal.security.JwtAuthenticationFilter.doFilterInternal(JwtAuthenticationFilter.java:40) ~[classes/:na]
	at org.springframework.web.filter.OncePerRequestFilter.doFilter(OncePerRequestFilter.java:116) ~[spring-web-6.1.3.jar:6.1.3]
	at org.springframework.security.web.ObservationFilterChainDecorator$ObservationFilter.wrapFilter(ObservationFilterChainDecorator.java:240) ~[spring-security-web-6.2.1.jar:6.2.1]
	at org.springframework.security.web.ObservationFilterChainDecorator$ObservationFilter.doFilter(ObservationFilterChainDecorator.java:227) ~[spring-security-web-6.2.1.jar:6.2.1]
	at org.springframework.security.web.ObservationFilterChainDecorator$VirtualFilterChain.doFilter(ObservationFilterChainDecorator.java:137) ~[spring-security-web-6.2.1.jar:6.2.1]
	at org.springframework.security.web.authentication.logout.LogoutFilter.doFilter(LogoutFilter.java:107) ~[spring-security-web-6.2.1.jar:6.2.1]
	at org.springframework.security.web.authentication.logout.LogoutFilter.doFilter(LogoutFilter.java:93) ~[spring-security-web-6.2.1.jar:6.2.1]
	at org.springframework.security.web.ObservationFilterChainDecorator$ObservationFilter.wrapFilter(ObservationFilterChainDecorator.java:240) ~[spring-security-web-6.2.1.jar:6.2.1]
	at org.springframework.security.web.ObservationFilterChainDecorator$ObservationFilter.doFilter(ObservationFilterChainDecorator.java:227) ~[spring-security-web-6.2.1.jar:6.2.1]
	at org.springframework.security.web.ObservationFilterChainDecorator$VirtualFilterChain.doFilter(ObservationFilterChainDecorator.java:137) ~[spring-security-web-6.2.1.jar:6.2.1]
	at org.springframework.web.filter.OncePerRequestFilter.doFilter(OncePerRequestFilter.java:110) ~[spring-web-6.1.3.jar:6.1.3]
	at org.springframework.security.web.ObservationFilterChainDecorator$ObservationFilter.wrapFilter(ObservationFilterChainDecorator.java:240) ~[spring-security-web-6.2.1.jar:6.2.1]
	at org.springframework.security.web.ObservationFilterChainDecorator$ObservationFilter.doFilter(ObservationFilterChainDecorator.java:227) ~[spring-security-web-6.2.1.jar:6.2.1]
	at org.springframework.security.web.ObservationFilterChainDecorator$VirtualFilterChain.doFilter(ObservationFilterChainDecorator.java:137) ~[spring-security-web-6.2.1.jar:6.2.1]
	at org.springframework.web.filter.CorsFilter.doFilterInternal(CorsFilter.java:91) ~[spring-web-6.1.3.jar:6.1.3]
	at org.springframework.web.filter.OncePerRequestFilter.doFilter(OncePerRequestFilter.java:116) ~[spring-web-6.1.3.jar:6.1.3]
	at org.springframework.security.web.ObservationFilterChainDecorator$ObservationFilter.wrapFilter(ObservationFilterChainDecorator.java:240) ~[spring-security-web-6.2.1.jar:6.2.1]
	at org.springframework.security.web.ObservationFilterChainDecorator$ObservationFilter.doFilter(ObservationFilterChainDecorator.java:227) ~[spring-security-web-6.2.1.jar:6.2.1]
	at org.springframework.security.web.ObservationFilterChainDecorator$VirtualFilterChain.doFilter(ObservationFilterChainDecorator.java:137) ~[spring-security-web-6.2.1.jar:6.2.1]
	at org.springframework.security.web.header.HeaderWriterFilter.doHeadersAfter(HeaderWriterFilter.java:90) ~[spring-security-web-6.2.1.jar:6.2.1]
	at org.springframework.security.web.header.HeaderWriterFilter.doFilterInternal(HeaderWriterFilter.java:75) ~[spring-security-web-6.2.1.jar:6.2.1]
	at org.springframework.web.filter.OncePerRequestFilter.doFilter(OncePerRequestFilter.java:116) ~[spring-web-6.1.3.jar:6.1.3]
	at org.springframework.security.web.ObservationFilterChainDecorator$ObservationFilter.wrapFilter(ObservationFilterChainDecorator.java:240) ~[spring-security-web-6.2.1.jar:6.2.1]
	at org.springframework.security.web.ObservationFilterChainDecorator$ObservationFilter.doFilter(ObservationFilterChainDecorator.java:227) ~[spring-security-web-6.2.1.jar:6.2.1]
	at org.springframework.security.web.ObservationFilterChainDecorator$VirtualFilterChain.doFilter(ObservationFilterChainDecorator.java:137) ~[spring-security-web-6.2.1.jar:6.2.1]
	at org.springframework.security.web.context.SecurityContextHolderFilter.doFilter(SecurityContextHolderFilter.java:82) ~[spring-security-web-6.2.1.jar:6.2.1]
	at org.springframework.security.web.context.SecurityContextHolderFilter.doFilter(SecurityContextHolderFilter.java:69) ~[spring-security-web-6.2.1.jar:6.2.1]
	at org.springframework.security.web.ObservationFilterChainDecorator$ObservationFilter.wrapFilter(ObservationFilterChainDecorator.java:240) ~[spring-security-web-6.2.1.jar:6.2.1]
	at org.springframework.security.web.ObservationFilterChainDecorator$ObservationFilter.doFilter(ObservationFilterChainDecorator.java:227) ~[spring-security-web-6.2.1.jar:6.2.1]
	at org.springframework.security.web.ObservationFilterChainDecorator$VirtualFilterChain.doFilter(ObservationFilterChainDecorator.java:137) ~[spring-security-web-6.2.1.jar:6.2.1]
	at org.springframework.security.web.context.request.async.WebAsyncManagerIntegrationFilter.doFilterInternal(WebAsyncManagerIntegrationFilter.java:62) ~[spring-security-web-6.2.1.jar:6.2.1]
	at org.springframework.web.filter.OncePerRequestFilter.doFilter(OncePerRequestFilter.java:116) ~[spring-web-6.1.3.jar:6.1.3]
	at org.springframework.security.web.ObservationFilterChainDecorator$ObservationFilter.wrapFilter(ObservationFilterChainDecorator.java:240) ~[spring-security-web-6.2.1.jar:6.2.1]
	at org.springframework.security.web.ObservationFilterChainDecorator$ObservationFilter.doFilter(ObservationFilterChainDecorator.java:227) ~[spring-security-web-6.2.1.jar:6.2.1]
	at org.springframework.security.web.ObservationFilterChainDecorator$VirtualFilterChain.doFilter(ObservationFilterChainDecorator.java:137) ~[spring-security-web-6.2.1.jar:6.2.1]
	at org.springframework.security.web.session.DisableEncodeUrlFilter.doFilterInternal(DisableEncodeUrlFilter.java:42) ~[spring-security-web-6.2.1.jar:6.2.1]
	at org.springframework.web.filter.OncePerRequestFilter.doFilter(OncePerRequestFilter.java:116) ~[spring-web-6.1.3.jar:6.1.3]
	at org.springframework.security.web.ObservationFilterChainDecorator$ObservationFilter.wrapFilter(ObservationFilterChainDecorator.java:240) ~[spring-security-web-6.2.1.jar:6.2.1]
	at org.springframework.security.web.ObservationFilterChainDecorator$AroundFilterObservation$SimpleAroundFilterObservation.lambda$wrap$0(ObservationFilterChainDecorator.java:323) ~[spring-security-web-6.2.1.jar:6.2.1]
	at org.springframework.security.web.ObservationFilterChainDecorator$ObservationFilter.doFilter(ObservationFilterChainDecorator.java:224) ~[spring-security-web-6.2.1.jar:6.2.1]
	at org.springframework.security.web.ObservationFilterChainDecorator$VirtualFilterChain.doFilter(ObservationFilterChainDecorator.java:137) ~[spring-security-web-6.2.1.jar:6.2.1]
	at org.springframework.security.web.FilterChainProxy.doFilterInternal(FilterChainProxy.java:233) ~[spring-security-web-6.2.1.jar:6.2.1]
	at org.springframework.security.web.FilterChainProxy.doFilter(FilterChainProxy.java:191) ~[spring-security-web-6.2.1.jar:6.2.1]
	at org.springframework.web.filter.CompositeFilter$VirtualFilterChain.doFilter(CompositeFilter.java:113) ~[spring-web-6.1.3.jar:6.1.3]
	at org.springframework.web.servlet.handler.HandlerMappingIntrospector.lambda$createCacheFilter$3(HandlerMappingIntrospector.java:195) ~[spring-webmvc-6.1.3.jar:6.1.3]
	at org.springframework.web.filter.CompositeFilter$VirtualFilterChain.doFilter(CompositeFilter.java:113) ~[spring-web-6.1.3.jar:6.1.3]
	at org.springframework.web.filter.CompositeFilter.doFilter(CompositeFilter.java:74) ~[spring-web-6.1.3.jar:6.1.3]
	at org.springframework.security.config.annotation.web.configuration.WebMvcSecurityConfiguration$CompositeFilterChainProxy.doFilter(WebMvcSecurityConfiguration.java:225) ~[spring-security-config-6.2.1.jar:6.2.1]
	at org.springframework.web.filter.DelegatingFilterProxy.invokeDelegate(DelegatingFilterProxy.java:352) ~[spring-web-6.1.3.jar:6.1.3]
	at org.springframework.web.filter.DelegatingFilterProxy.doFilter(DelegatingFilterProxy.java:268) ~[spring-web-6.1.3.jar:6.1.3]
	at org.apache.catalina.core.ApplicationFilterChain.internalDoFilter(ApplicationFilterChain.java:174) ~[tomcat-embed-core-10.1.18.jar:10.1.18]
	at org.apache.catalina.core.ApplicationFilterChain.doFilter(ApplicationFilterChain.java:149) ~[tomcat-embed-core-10.1.18.jar:10.1.18]
	at org.springframework.web.filter.RequestContextFilter.doFilterInternal(RequestContextFilter.java:100) ~[spring-web-6.1.3.jar:6.1.3]
	at org.springframework.web.filter.OncePerRequestFilter.doFilter(OncePerRequestFilter.java:116) ~[spring-web-6.1.3.jar:6.1.3]
	at org.apache.catalina.core.ApplicationFilterChain.internalDoFilter(ApplicationFilterChain.java:174) ~[tomcat-embed-core-10.1.18.jar:10.1.18]
	at org.apache.catalina.core.ApplicationFilterChain.doFilter(ApplicationFilterChain.java:149) ~[tomcat-embed-core-10.1.18.jar:10.1.18]
	at org.springframework.web.filter.FormContentFilter.doFilterInternal(FormContentFilter.java:93) ~[spring-web-6.1.3.jar:6.1.3]
	at org.springframework.web.filter.OncePerRequestFilter.doFilter(OncePerRequestFilter.java:116) ~[spring-web-6.1.3.jar:6.1.3]
	at org.apache.catalina.core.ApplicationFilterChain.internalDoFilter(ApplicationFilterChain.java:174) ~[tomcat-embed-core-10.1.18.jar:10.1.18]
	at org.apache.catalina.core.ApplicationFilterChain.doFilter(ApplicationFilterChain.java:149) ~[tomcat-embed-core-10.1.18.jar:10.1.18]
	at org.springframework.web.filter.ServerHttpObservationFilter.doFilterInternal(ServerHttpObservationFilter.java:109) ~[spring-web-6.1.3.jar:6.1.3]
	at org.springframework.web.filter.OncePerRequestFilter.doFilter(OncePerRequestFilter.java:116) ~[spring-web-6.1.3.jar:6.1.3]
	at org.apache.catalina.core.ApplicationFilterChain.internalDoFilter(ApplicationFilterChain.java:174) ~[tomcat-embed-core-10.1.18.jar:10.1.18]
	at org.apache.catalina.core.ApplicationFilterChain.doFilter(ApplicationFilterChain.java:149) ~[tomcat-embed-core-10.1.18.jar:10.1.18]
	at org.springframework.web.filter.CharacterEncodingFilter.doFilterInternal(CharacterEncodingFilter.java:201) ~[spring-web-6.1.3.jar:6.1.3]
	at org.springframework.web.filter.OncePerRequestFilter.doFilter(OncePerRequestFilter.java:116) ~[spring-web-6.1.3.jar:6.1.3]
	at org.apache.catalina.core.ApplicationFilterChain.internalDoFilter(ApplicationFilterChain.java:174) ~[tomcat-embed-core-10.1.18.jar:10.1.18]
	at org.apache.catalina.core.ApplicationFilterChain.doFilter(ApplicationFilterChain.java:149) ~[tomcat-embed-core-10.1.18.jar:10.1.18]
	at org.apache.catalina.core.StandardWrapperValve.invoke(StandardWrapperValve.java:167) ~[tomcat-embed-core-10.1.18.jar:10.1.18]
	at org.apache.catalina.core.StandardContextValve.invoke(StandardContextValve.java:90) ~[tomcat-embed-core-10.1.18.jar:10.1.18]
	at org.apache.catalina.authenticator.AuthenticatorBase.invoke(AuthenticatorBase.java:482) ~[tomcat-embed-core-10.1.18.jar:10.1.18]
	at org.apache.catalina.core.StandardHostValve.invoke(StandardHostValve.java:115) ~[tomcat-embed-core-10.1.18.jar:10.1.18]
	at org.apache.catalina.valves.ErrorReportValve.invoke(ErrorReportValve.java:93) ~[tomcat-embed-core-10.1.18.jar:10.1.18]
	at org.apache.catalina.core.StandardEngineValve.invoke(StandardEngineValve.java:74) ~[tomcat-embed-core-10.1.18.jar:10.1.18]
	at org.apache.catalina.connector.CoyoteAdapter.service(CoyoteAdapter.java:340) ~[tomcat-embed-core-10.1.18.jar:10.1.18]
	at org.apache.coyote.http11.Http11Processor.service(Http11Processor.java:391) ~[tomcat-embed-core-10.1.18.jar:10.1.18]
	at org.apache.coyote.AbstractProcessorLight.process(AbstractProcessorLight.java:63) ~[tomcat-embed-core-10.1.18.jar:10.1.18]
	at org.apache.coyote.AbstractProtocol$ConnectionHandler.process(AbstractProtocol.java:896) ~[tomcat-embed-core-10.1.18.jar:10.1.18]
	at org.apache.tomcat.util.net.NioEndpoint$SocketProcessor.doRun(NioEndpoint.java:1744) ~[tomcat-embed-core-10.1.18.jar:10.1.18]
	at org.apache.tomcat.util.net.SocketProcessorBase.run(SocketProcessorBase.java:52) ~[tomcat-embed-core-10.1.18.jar:10.1.18]
	at org.apache.tomcat.util.threads.ThreadPoolExecutor.runWorker(ThreadPoolExecutor.java:1191) ~[tomcat-embed-core-10.1.18.jar:10.1.18]
	at org.apache.tomcat.util.threads.ThreadPoolExecutor$Worker.run(ThreadPoolExecutor.java:659) ~[tomcat-embed-core-10.1.18.jar:10.1.18]
	at org.apache.tomcat.util.threads.TaskThread$WrappingRunnable.run(TaskThread.java:61) ~[tomcat-embed-core-10.1.18.jar:10.1.18]
	at java.base/java.lang.Thread.run(Thread.java:842) ~[na:na]
2026-02-04 08:52:39 [http-nio-8080-exec-4] DEBUG o.s.w.s.m.m.a.HttpEntityMethodProcessor - Using 'application/json', given [*/*] and supported [application/json, application/*+json]
2026-02-04 08:52:39 [http-nio-8080-exec-4] DEBUG o.s.w.s.m.m.a.HttpEntityMethodProcessor - Writing [ErrorResponse(timestamp=2026-02-04T08:52:39.736856700, status=500, error=Internal Server Error, mess (truncated)...]
2026-02-04 08:52:39 [http-nio-8080-exec-4] WARN  o.s.w.s.m.m.a.ExceptionHandlerExceptionResolver - Resolved [org.springframework.http.converter.HttpMessageNotReadableException: Required request body is missing: public org.springframework.http.ResponseEntity<com.internship.portal.dto.AuthResponse> com.internship.portal.user.AuthController.login(com.internship.portal.dto.LoginRequest)]
2026-02-04 08:52:39 [http-nio-8080-exec-4] DEBUG o.s.web.servlet.DispatcherServlet - Completed 500 INTERNAL_SERVER_ERROR
2026-02-04 08:54:12 [http-nio-8080-exec-5] DEBUG o.s.security.web.FilterChainProxy - Securing POST /api/v1/auth/register
2026-02-04 08:54:12 [http-nio-8080-exec-5] ERROR c.i.p.s.JwtAuthenticationFilter - Cannot set user authentication: Invalid compact JWT string: Compact JWSs must contain exactly 2 period characters, and compact JWEs must contain exactly 4.  Found: 0
2026-02-04 08:54:12 [http-nio-8080-exec-5] DEBUG o.s.s.w.a.AnonymousAuthenticationFilter - Set SecurityContextHolder to anonymous SecurityContext
2026-02-04 08:54:12 [http-nio-8080-exec-5] DEBUG o.s.security.web.FilterChainProxy - Secured POST /api/v1/auth/register
2026-02-04 08:54:12 [http-nio-8080-exec-5] DEBUG o.s.web.servlet.DispatcherServlet - POST "/api/v1/auth/register", parameters={}
2026-02-04 08:54:12 [http-nio-8080-exec-5] DEBUG o.s.w.s.m.m.a.RequestMappingHandlerMapping - Mapped to com.internship.portal.user.AuthController#register(RegisterRequest)
2026-02-04 08:54:12 [http-nio-8080-exec-5] DEBUG o.s.w.s.m.m.a.RequestResponseBodyMethodProcessor - Read "application/json;charset=UTF-8" to [RegisterRequest(email=string, password=string, role=STUDENT)]
2026-02-04 08:54:12 [http-nio-8080-exec-5] DEBUG o.s.w.s.m.m.a.ExceptionHandlerExceptionResolver - Using @ExceptionHandler com.internship.portal.exception.GlobalExceptionHandler#handleValidationException(MethodArgumentNotValidException, HttpServletRequest)
2026-02-04 08:54:12 [http-nio-8080-exec-5] ERROR c.i.p.e.GlobalExceptionHandler - Validation failed: Validation failed for argument [0] in public org.springframework.http.ResponseEntity<com.internship.portal.dto.AuthResponse> com.internship.portal.user.AuthController.register(com.internship.portal.dto.RegisterRequest): [Field error in object 'registerRequest' on field 'email': rejected value [string]; codes [Email.registerRequest.email,Email.email,Email.java.lang.String,Email]; arguments [org.springframework.context.support.DefaultMessageSourceResolvable: codes [registerRequest.email,email]; arguments []; default message [email],[Ljakarta.validation.constraints.Pattern$Flag;@1d1d97c3,.*]; default message [Email should be valid]] 
2026-02-04 08:54:12 [http-nio-8080-exec-5] DEBUG o.s.w.s.m.m.a.HttpEntityMethodProcessor - Using 'application/json', given [*/*] and supported [application/json, application/*+json]
2026-02-04 08:54:12 [http-nio-8080-exec-5] DEBUG o.s.w.s.m.m.a.HttpEntityMethodProcessor - Writing [ErrorResponse(timestamp=2026-02-04T08:54:12.795018400, status=400, error=Validation Failed, message= (truncated)...]
2026-02-04 08:54:12 [http-nio-8080-exec-5] WARN  o.s.w.s.m.m.a.ExceptionHandlerExceptionResolver - Resolved [org.springframework.web.bind.MethodArgumentNotValidException: Validation failed for argument [0] in public org.springframework.http.ResponseEntity<com.internship.portal.dto.AuthResponse> com.internship.portal.user.AuthController.register(com.internship.portal.dto.RegisterRequest): [Field error in object 'registerRequest' on field 'email': rejected value [string]; codes [Email.registerRequest.email,Email.email,Email.java.lang.String,Email]; arguments [org.springframework.context.support.DefaultMessageSourceResolvable: codes [registerRequest.email,email]; arguments []; default message [email],[Ljakarta.validation.constraints.Pattern$Flag;@1d1d97c3,.*]; default message [Email should be valid]] ]
2026-02-04 08:54:12 [http-nio-8080-exec-5] DEBUG o.s.web.servlet.DispatcherServlet - Completed 400 BAD_REQUEST
2026-02-04 08:54:49 [http-nio-8080-exec-6] DEBUG o.s.security.web.FilterChainProxy - Securing POST /api/v1/auth/register
2026-02-04 08:54:49 [http-nio-8080-exec-6] ERROR c.i.p.s.JwtAuthenticationFilter - Cannot set user authentication: Invalid compact JWT string: Compact JWSs must contain exactly 2 period characters, and compact JWEs must contain exactly 4.  Found: 0
2026-02-04 08:54:49 [http-nio-8080-exec-6] DEBUG o.s.s.w.a.AnonymousAuthenticationFilter - Set SecurityContextHolder to anonymous SecurityContext
2026-02-04 08:54:49 [http-nio-8080-exec-6] DEBUG o.s.security.web.FilterChainProxy - Secured POST /api/v1/auth/register
2026-02-04 08:54:49 [http-nio-8080-exec-6] DEBUG o.s.web.servlet.DispatcherServlet - POST "/api/v1/auth/register", parameters={}
2026-02-04 08:54:49 [http-nio-8080-exec-6] DEBUG o.s.w.s.m.m.a.RequestMappingHandlerMapping - Mapped to com.internship.portal.user.AuthController#register(RegisterRequest)
2026-02-04 08:54:49 [http-nio-8080-exec-6] DEBUG o.s.w.s.m.m.a.RequestResponseBodyMethodProcessor - Read "application/json;charset=UTF-8" to [RegisterRequest(email=string@123.com, password=string, role=STUDENT)]
2026-02-04 08:54:49 [http-nio-8080-exec-6] INFO  c.i.portal.user.AuthController - Registration request received for email: string@123.com
2026-02-04 08:54:49 [http-nio-8080-exec-6] INFO  c.i.portal.service.AuthService - Registering new user with email: string@123.com
2026-02-04 08:54:49 [http-nio-8080-exec-6] DEBUG org.hibernate.SQL - 
    select
        u1_0.id,
        u1_0.created_at,
        u1_0.email,
        u1_0.is_active,
        u1_0.is_verified,
        u1_0.password,
        u1_0.role,
        u1_0.updated_at 
    from
        users u1_0 
    where
        u1_0.email=?
2026-02-04 08:54:50 [http-nio-8080-exec-6] DEBUG org.hibernate.SQL - 
    insert 
    into
        users
        (created_at, email, is_active, is_verified, password, role, updated_at) 
    values
        (?, ?, ?, ?, ?, ?, ?)
2026-02-04 08:54:50 [http-nio-8080-exec-6] INFO  c.i.portal.service.AuthService - User registered successfully with ID: 1
2026-02-04 08:54:50 [http-nio-8080-exec-6] DEBUG org.hibernate.SQL - 
    select
        u1_0.id,
        u1_0.created_at,
        u1_0.email,
        u1_0.is_active,
        u1_0.is_verified,
        u1_0.password,
        u1_0.role,
        u1_0.updated_at 
    from
        users u1_0 
    where
        u1_0.email=?
2026-02-04 08:54:50 [http-nio-8080-exec-6] DEBUG o.s.w.s.m.m.a.HttpEntityMethodProcessor - Using 'application/json', given [*/*] and supported [application/json, application/*+json]
2026-02-04 08:54:50 [http-nio-8080-exec-6] DEBUG o.s.w.s.m.m.a.HttpEntityMethodProcessor - Writing [AuthResponse(accessToken=eyJhbGciOiJIUzI1NiJ9.eyJzdWIiOiJzdHJpbmdAMTIzLmNvbSIsImlhdCI6MTc3MDE3NTQ5MC (truncated)...]
2026-02-04 08:54:50 [http-nio-8080-exec-6] DEBUG o.s.web.servlet.DispatcherServlet - Completed 201 CREATED
2026-02-04 08:55:28 [http-nio-8080-exec-7] DEBUG o.s.security.web.FilterChainProxy - Securing POST /api/v1/auth/login
2026-02-04 08:55:28 [http-nio-8080-exec-7] ERROR c.i.p.s.JwtAuthenticationFilter - Cannot set user authentication: Invalid compact JWT string: Compact JWSs must contain exactly 2 period characters, and compact JWEs must contain exactly 4.  Found: 0
2026-02-04 08:55:28 [http-nio-8080-exec-7] DEBUG o.s.s.w.a.AnonymousAuthenticationFilter - Set SecurityContextHolder to anonymous SecurityContext
2026-02-04 08:55:28 [http-nio-8080-exec-7] DEBUG o.s.security.web.FilterChainProxy - Secured POST /api/v1/auth/login
2026-02-04 08:55:28 [http-nio-8080-exec-7] DEBUG o.s.web.servlet.DispatcherServlet - POST "/api/v1/auth/login", parameters={}
2026-02-04 08:55:28 [http-nio-8080-exec-7] DEBUG o.s.w.s.m.m.a.RequestMappingHandlerMapping - Mapped to com.internship.portal.user.AuthController#login(LoginRequest)
2026-02-04 08:55:28 [http-nio-8080-exec-7] DEBUG o.s.w.s.m.m.a.RequestResponseBodyMethodProcessor - Read "application/json;charset=UTF-8" to [LoginRequest(email=string@123.com, password=string)]
2026-02-04 08:55:28 [http-nio-8080-exec-7] INFO  c.i.portal.user.AuthController - Login request received for email: string@123.com
2026-02-04 08:55:28 [http-nio-8080-exec-7] INFO  c.i.portal.service.AuthService - User login attempt: string@123.com
2026-02-04 08:55:28 [http-nio-8080-exec-7] DEBUG org.hibernate.SQL - 
    select
        u1_0.id,
        u1_0.created_at,
        u1_0.email,
        u1_0.is_active,
        u1_0.is_verified,
        u1_0.password,
        u1_0.role,
        u1_0.updated_at 
    from
        users u1_0 
    where
        u1_0.email=?
2026-02-04 08:55:28 [http-nio-8080-exec-7] DEBUG o.s.s.a.d.DaoAuthenticationProvider - Authenticated user
2026-02-04 08:55:28 [http-nio-8080-exec-7] DEBUG org.hibernate.SQL - 
    select
        u1_0.id,
        u1_0.created_at,
        u1_0.email,
        u1_0.is_active,
        u1_0.is_verified,
        u1_0.password,
        u1_0.role,
        u1_0.updated_at 
    from
        users u1_0 
    where
        u1_0.email=?
2026-02-04 08:55:28 [http-nio-8080-exec-7] INFO  c.i.portal.service.AuthService - User logged in successfully: string@123.com
2026-02-04 08:55:28 [http-nio-8080-exec-7] DEBUG o.s.w.s.m.m.a.HttpEntityMethodProcessor - Using 'application/json', given [*/*] and supported [application/json, application/*+json]
2026-02-04 08:55:28 [http-nio-8080-exec-7] DEBUG o.s.w.s.m.m.a.HttpEntityMethodProcessor - Writing [AuthResponse(accessToken=eyJhbGciOiJIUzI1NiJ9.eyJzdWIiOiJzdHJpbmdAMTIzLmNvbSIsImlhdCI6MTc3MDE3NTUyOC (truncated)...]
2026-02-04 08:55:28 [http-nio-8080-exec-7] DEBUG o.s.web.servlet.DispatcherServlet - Completed 200 OK
2026-02-04 09:23:32 [restartedMain] INFO  c.i.p.InternshipPlacementPortalApplication - Starting InternshipPlacementPortalApplication using Java 17.0.12 with PID 31816 (D:\new\Internship-Industrial-Training-Platform-main\target\classes started by Adhokshaj in D:\new\Internship-Industrial-Training-Platform-main)
2026-02-04 09:23:32 [restartedMain] DEBUG c.i.p.InternshipPlacementPortalApplication - Running with Spring Boot v3.2.2, Spring v6.1.3
2026-02-04 09:23:32 [restartedMain] INFO  c.i.p.InternshipPlacementPortalApplication - No active profile set, falling back to 1 default profile: "default"
2026-02-04 09:23:32 [restartedMain] INFO  o.s.b.d.e.DevToolsPropertyDefaultsPostProcessor - Devtools property defaults active! Set 'spring.devtools.add-properties' to 'false' to disable
2026-02-04 09:23:32 [restartedMain] INFO  o.s.b.d.e.DevToolsPropertyDefaultsPostProcessor - For additional web related logging consider setting the 'logging.level.web' property to 'DEBUG'
2026-02-04 09:23:33 [restartedMain] INFO  o.s.d.r.c.RepositoryConfigurationDelegate - Multiple Spring Data modules found, entering strict repository configuration mode
2026-02-04 09:23:33 [restartedMain] INFO  o.s.d.r.c.RepositoryConfigurationDelegate - Bootstrapping Spring Data JDBC repositories in DEFAULT mode.
2026-02-04 09:23:33 [restartedMain] INFO  o.s.d.r.c.RepositoryConfigurationExtensionSupport - Spring Data JDBC - Could not safely identify store assignment for repository candidate interface com.internship.portal.faculty.FacultyRepository; If you want this repository to be a JDBC repository, consider annotating your entities with one of these annotations: org.springframework.data.relational.core.mapping.Table.
2026-02-04 09:23:33 [restartedMain] INFO  o.s.d.r.c.RepositoryConfigurationExtensionSupport - Spring Data JDBC - Could not safely identify store assignment for repository candidate interface com.internship.portal.opportunity.application.ApplicationRepository; If you want this repository to be a JDBC repository, consider annotating your entities with one of these annotations: org.springframework.data.relational.core.mapping.Table.
2026-02-04 09:23:33 [restartedMain] INFO  o.s.d.r.c.RepositoryConfigurationExtensionSupport - Spring Data JDBC - Could not safely identify store assignment for repository candidate interface com.internship.portal.opportunity.OpportunityRepository; If you want this repository to be a JDBC repository, consider annotating your entities with one of these annotations: org.springframework.data.relational.core.mapping.Table.
2026-02-04 09:23:33 [restartedMain] INFO  o.s.d.r.c.RepositoryConfigurationExtensionSupport - Spring Data JDBC - Could not safely identify store assignment for repository candidate interface com.internship.portal.placementcell.PlacementCellRepository; If you want this repository to be a JDBC repository, consider annotating your entities with one of these annotations: org.springframework.data.relational.core.mapping.Table.
2026-02-04 09:23:33 [restartedMain] INFO  o.s.d.r.c.RepositoryConfigurationExtensionSupport - Spring Data JDBC - Could not safely identify store assignment for repository candidate interface com.internship.portal.student.StudentRepository; If you want this repository to be a JDBC repository, consider annotating your entities with one of these annotations: org.springframework.data.relational.core.mapping.Table.
2026-02-04 09:23:33 [restartedMain] INFO  o.s.d.r.c.RepositoryConfigurationExtensionSupport - Spring Data JDBC - Could not safely identify store assignment for repository candidate interface com.internship.portal.user.UserRepository; If you want this repository to be a JDBC repository, consider annotating your entities with one of these annotations: org.springframework.data.relational.core.mapping.Table.
2026-02-04 09:23:33 [restartedMain] INFO  o.s.d.r.c.RepositoryConfigurationDelegate - Finished Spring Data repository scanning in 30 ms. Found 0 JDBC repository interfaces.
2026-02-04 09:23:33 [restartedMain] INFO  o.s.d.r.c.RepositoryConfigurationDelegate - Multiple Spring Data modules found, entering strict repository configuration mode
2026-02-04 09:23:33 [restartedMain] INFO  o.s.d.r.c.RepositoryConfigurationDelegate - Bootstrapping Spring Data JPA repositories in DEFAULT mode.
2026-02-04 09:23:33 [restartedMain] INFO  o.s.d.r.c.RepositoryConfigurationDelegate - Finished Spring Data repository scanning in 29 ms. Found 6 JPA repository interfaces.
2026-02-04 09:23:34 [restartedMain] INFO  o.s.b.w.e.tomcat.TomcatWebServer - Tomcat initialized with port 8080 (http)
2026-02-04 09:23:34 [restartedMain] INFO  o.a.catalina.core.StandardService - Starting service [Tomcat]
2026-02-04 09:23:34 [restartedMain] INFO  o.a.catalina.core.StandardEngine - Starting Servlet engine: [Apache Tomcat/10.1.18]
2026-02-04 09:23:34 [restartedMain] INFO  o.a.c.c.C.[Tomcat].[localhost].[/] - Initializing Spring embedded WebApplicationContext
2026-02-04 09:23:34 [restartedMain] INFO  o.s.b.w.s.c.ServletWebServerApplicationContext - Root WebApplicationContext: initialization completed in 1652 ms
2026-02-04 09:23:34 [restartedMain] INFO  o.h.jpa.internal.util.LogHelper - HHH000204: Processing PersistenceUnitInfo [name: default]
2026-02-04 09:23:34 [restartedMain] INFO  org.hibernate.Version - HHH000412: Hibernate ORM core version 6.4.1.Final
2026-02-04 09:23:34 [restartedMain] INFO  o.h.c.i.RegionFactoryInitiator - HHH000026: Second-level cache disabled
2026-02-04 09:23:34 [restartedMain] INFO  o.s.o.j.p.SpringPersistenceUnitInfo - No LoadTimeWeaver setup: ignoring JPA class transformer
2026-02-04 09:23:34 [restartedMain] INFO  com.zaxxer.hikari.HikariDataSource - HikariPool-1 - Starting...
2026-02-04 09:23:34 [restartedMain] INFO  com.zaxxer.hikari.pool.HikariPool - HikariPool-1 - Added connection org.postgresql.jdbc.PgConnection@19716eb2
2026-02-04 09:23:34 [restartedMain] INFO  com.zaxxer.hikari.HikariDataSource - HikariPool-1 - Start completed.
2026-02-04 09:23:34 [restartedMain] WARN  org.hibernate.orm.deprecation - HHH90000025: PostgreSQLDialect does not need to be specified explicitly using 'hibernate.dialect' (remove the property setting and it will be selected by default)
2026-02-04 09:23:35 [restartedMain] INFO  o.h.e.t.j.p.i.JtaPlatformInitiator - HHH000489: No JTA platform available (set 'hibernate.transaction.jta.platform' to enable JTA platform integration)
2026-02-04 09:23:35 [restartedMain] INFO  o.s.o.j.LocalContainerEntityManagerFactoryBean - Initialized JPA EntityManagerFactory for persistence unit 'default'
2026-02-04 09:23:35 [restartedMain] DEBUG c.i.p.s.JwtAuthenticationFilter - Filter 'jwtAuthenticationFilter' configured for use
2026-02-04 09:23:35 [restartedMain] DEBUG o.s.w.f.ServerHttpObservationFilter - Filter 'webMvcObservationFilter' configured for use
2026-02-04 09:23:36 [restartedMain] INFO  c.i.p.service.FileStorageService - File storage directories created successfully
2026-02-04 09:23:36 [restartedMain] WARN  o.s.b.a.o.j.JpaBaseConfiguration$JpaWebConfiguration - spring.jpa.open-in-view is enabled by default. Therefore, database queries may be performed during view rendering. Explicitly configure spring.jpa.open-in-view to disable this warning
2026-02-04 09:23:36 [restartedMain] DEBUG o.s.w.s.m.m.a.RequestMappingHandlerMapping - 34 mappings in 'requestMappingHandlerMapping'
2026-02-04 09:23:36 [restartedMain] DEBUG o.s.w.s.h.SimpleUrlHandlerMapping - Patterns [/webjars/**, /**, /swagger-ui*/*swagger-initializer.js, /swagger-ui*/**] in 'resourceHandlerMapping'
2026-02-04 09:23:36 [restartedMain] INFO  o.s.b.a.e.web.EndpointLinksResolver - Exposing 3 endpoint(s) beneath base path '/actuator'
2026-02-04 09:23:36 [restartedMain] INFO  o.s.s.web.DefaultSecurityFilterChain - Will secure any request with [org.springframework.security.web.session.DisableEncodeUrlFilter@440e3082, org.springframework.security.web.context.request.async.WebAsyncManagerIntegrationFilter@71eb1909, org.springframework.security.web.context.SecurityContextHolderFilter@493aba9, org.springframework.security.web.header.HeaderWriterFilter@420064bd, org.springframework.web.filter.CorsFilter@7877851f, org.springframework.web.filter.CorsFilter@4e3d80f8, org.springframework.security.web.authentication.logout.LogoutFilter@2845df64, com.internship.portal.security.JwtAuthenticationFilter@32f31481, org.springframework.security.web.savedrequest.RequestCacheAwareFilter@34b781f, org.springframework.security.web.servletapi.SecurityContextHolderAwareRequestFilter@6286542d, org.springframework.security.web.authentication.AnonymousAuthenticationFilter@7b82339d, org.springframework.security.web.session.SessionManagementFilter@7d2fe708, org.springframework.security.web.access.ExceptionTranslationFilter@211a0747, org.springframework.security.web.access.intercept.AuthorizationFilter@db3f478]
2026-02-04 09:23:36 [restartedMain] DEBUG o.s.w.s.m.m.a.RequestMappingHandlerAdapter - ControllerAdvice beans: 0 @ModelAttribute, 0 @InitBinder, 1 RequestBodyAdvice, 1 ResponseBodyAdvice
2026-02-04 09:23:36 [restartedMain] DEBUG o.s.w.s.m.m.a.ExceptionHandlerExceptionResolver - ControllerAdvice beans: 2 @ExceptionHandler, 1 ResponseBodyAdvice
2026-02-04 09:23:37 [restartedMain] INFO  o.s.b.d.a.OptionalLiveReloadServer - LiveReload server is running on port 35729
2026-02-04 09:23:37 [restartedMain] INFO  o.s.b.w.e.tomcat.TomcatWebServer - Tomcat started on port 8080 (http) with context path ''
2026-02-04 09:23:37 [restartedMain] INFO  c.i.p.InternshipPlacementPortalApplication - Started InternshipPlacementPortalApplication in 5.126 seconds (process running for 5.457)
2026-02-04 09:24:46 [http-nio-8080-exec-1] INFO  o.a.c.c.C.[Tomcat].[localhost].[/] - Initializing Spring DispatcherServlet 'dispatcherServlet'
2026-02-04 09:24:46 [http-nio-8080-exec-1] INFO  o.s.web.servlet.DispatcherServlet - Initializing Servlet 'dispatcherServlet'
2026-02-04 09:24:46 [http-nio-8080-exec-1] DEBUG o.s.web.servlet.DispatcherServlet - Detected StandardServletMultipartResolver
2026-02-04 09:24:46 [http-nio-8080-exec-1] DEBUG o.s.web.servlet.DispatcherServlet - Detected AcceptHeaderLocaleResolver
2026-02-04 09:24:46 [http-nio-8080-exec-1] DEBUG o.s.web.servlet.DispatcherServlet - Detected FixedThemeResolver
2026-02-04 09:24:46 [http-nio-8080-exec-1] DEBUG o.s.web.servlet.DispatcherServlet - Detected org.springframework.web.servlet.view.DefaultRequestToViewNameTranslator@29924f0c
2026-02-04 09:24:46 [http-nio-8080-exec-1] DEBUG o.s.web.servlet.DispatcherServlet - Detected org.springframework.web.servlet.support.SessionFlashMapManager@1c81a10b
2026-02-04 09:24:46 [http-nio-8080-exec-1] DEBUG o.s.web.servlet.DispatcherServlet - enableLoggingRequestDetails='false': request parameters and headers will be masked to prevent unsafe logging of potentially sensitive data
2026-02-04 09:24:46 [http-nio-8080-exec-1] INFO  o.s.web.servlet.DispatcherServlet - Completed initialization in 4 ms
2026-02-04 09:24:46 [http-nio-8080-exec-1] DEBUG o.s.security.web.FilterChainProxy - Securing POST /api/v1/auth/login
2026-02-04 09:24:46 [http-nio-8080-exec-1] DEBUG o.s.s.w.a.AnonymousAuthenticationFilter - Set SecurityContextHolder to anonymous SecurityContext
2026-02-04 09:24:46 [http-nio-8080-exec-1] DEBUG o.s.security.web.FilterChainProxy - Secured POST /api/v1/auth/login
2026-02-04 09:24:46 [http-nio-8080-exec-1] DEBUG o.s.web.servlet.DispatcherServlet - POST "/api/v1/auth/login", parameters={}
2026-02-04 09:24:46 [http-nio-8080-exec-1] DEBUG o.s.w.s.m.m.a.RequestMappingHandlerMapping - Mapped to com.internship.portal.user.AuthController#login(LoginRequest)
2026-02-04 09:24:46 [http-nio-8080-exec-1] DEBUG o.s.w.s.m.m.a.RequestResponseBodyMethodProcessor - Read "application/json;charset=UTF-8" to [LoginRequest(email=check@test.com, password=password123)]
2026-02-04 09:24:46 [http-nio-8080-exec-1] INFO  c.i.portal.user.AuthController - Login request received for email: check@test.com
2026-02-04 09:24:46 [http-nio-8080-exec-1] INFO  c.i.portal.service.AuthService - User login attempt: check@test.com
2026-02-04 09:24:46 [http-nio-8080-exec-1] DEBUG org.hibernate.SQL - 
    select
        u1_0.id,
        u1_0.created_at,
        u1_0.email,
        u1_0.is_active,
        u1_0.is_verified,
        u1_0.password,
        u1_0.role,
        u1_0.updated_at 
    from
        users u1_0 
    where
        u1_0.email=?
2026-02-04 09:24:47 [http-nio-8080-exec-1] DEBUG o.s.s.a.d.DaoAuthenticationProvider - Failed to find user 'check@test.com'
2026-02-04 09:24:47 [http-nio-8080-exec-1] DEBUG o.s.w.s.m.m.a.ExceptionHandlerExceptionResolver - Using @ExceptionHandler com.internship.portal.exception.GlobalExceptionHandler#handleBadCredentialsException(BadCredentialsException, HttpServletRequest)
2026-02-04 09:24:47 [http-nio-8080-exec-1] ERROR c.i.p.e.GlobalExceptionHandler - Bad credentials: Bad credentials
2026-02-04 09:24:47 [http-nio-8080-exec-1] DEBUG o.s.w.s.m.m.a.HttpEntityMethodProcessor - Using 'application/json', given [application/json, text/plain, */*] and supported [application/json, application/*+json]
2026-02-04 09:24:47 [http-nio-8080-exec-1] DEBUG o.s.w.s.m.m.a.HttpEntityMethodProcessor - Writing [ErrorResponse(timestamp=2026-02-04T09:24:47.021712, status=401, error=Unauthorized, message=Invalid  (truncated)...]
2026-02-04 09:24:47 [http-nio-8080-exec-1] WARN  o.s.w.s.m.m.a.ExceptionHandlerExceptionResolver - Resolved [org.springframework.security.authentication.BadCredentialsException: Bad credentials]
2026-02-04 09:24:47 [http-nio-8080-exec-1] DEBUG o.s.web.servlet.DispatcherServlet - Completed 401 UNAUTHORIZED
2026-02-04 09:25:10 [http-nio-8080-exec-3] DEBUG o.s.security.web.FilterChainProxy - Securing POST /api/v1/auth/login
2026-02-04 09:25:10 [http-nio-8080-exec-3] DEBUG o.s.s.w.a.AnonymousAuthenticationFilter - Set SecurityContextHolder to anonymous SecurityContext
2026-02-04 09:25:10 [http-nio-8080-exec-3] DEBUG o.s.security.web.FilterChainProxy - Secured POST /api/v1/auth/login
2026-02-04 09:25:10 [http-nio-8080-exec-3] DEBUG o.s.web.servlet.DispatcherServlet - POST "/api/v1/auth/login", parameters={}
2026-02-04 09:25:10 [http-nio-8080-exec-3] DEBUG o.s.w.s.m.m.a.RequestMappingHandlerMapping - Mapped to com.internship.portal.user.AuthController#login(LoginRequest)
2026-02-04 09:25:10 [http-nio-8080-exec-3] DEBUG o.s.w.s.m.m.a.RequestResponseBodyMethodProcessor - Read "application/json;charset=UTF-8" to [LoginRequest(email=check@test.com, password=password123)]
2026-02-04 09:25:10 [http-nio-8080-exec-3] INFO  c.i.portal.user.AuthController - Login request received for email: check@test.com
2026-02-04 09:25:10 [http-nio-8080-exec-3] INFO  c.i.portal.service.AuthService - User login attempt: check@test.com
2026-02-04 09:25:10 [http-nio-8080-exec-3] DEBUG org.hibernate.SQL - 
    select
        u1_0.id,
        u1_0.created_at,
        u1_0.email,
        u1_0.is_active,
        u1_0.is_verified,
        u1_0.password,
        u1_0.role,
        u1_0.updated_at 
    from
        users u1_0 
    where
        u1_0.email=?
2026-02-04 09:25:11 [http-nio-8080-exec-3] DEBUG o.s.s.a.d.DaoAuthenticationProvider - Failed to find user 'check@test.com'
2026-02-04 09:25:11 [http-nio-8080-exec-3] DEBUG o.s.w.s.m.m.a.ExceptionHandlerExceptionResolver - Using @ExceptionHandler com.internship.portal.exception.GlobalExceptionHandler#handleBadCredentialsException(BadCredentialsException, HttpServletRequest)
2026-02-04 09:25:11 [http-nio-8080-exec-3] ERROR c.i.p.e.GlobalExceptionHandler - Bad credentials: Bad credentials
2026-02-04 09:25:11 [http-nio-8080-exec-3] DEBUG o.s.w.s.m.m.a.HttpEntityMethodProcessor - Using 'application/json', given [application/json, text/plain, */*] and supported [application/json, application/*+json]
2026-02-04 09:25:11 [http-nio-8080-exec-3] DEBUG o.s.w.s.m.m.a.HttpEntityMethodProcessor - Writing [ErrorResponse(timestamp=2026-02-04T09:25:11.053768100, status=401, error=Unauthorized, message=Inval (truncated)...]
2026-02-04 09:25:11 [http-nio-8080-exec-3] WARN  o.s.w.s.m.m.a.ExceptionHandlerExceptionResolver - Resolved [org.springframework.security.authentication.BadCredentialsException: Bad credentials]
2026-02-04 09:25:11 [http-nio-8080-exec-3] DEBUG o.s.web.servlet.DispatcherServlet - Completed 401 UNAUTHORIZED
2026-02-04 13:35:03 [HikariPool-1 housekeeper] WARN  com.zaxxer.hikari.pool.HikariPool - HikariPool-1 - Thread starvation or clock leap detected (housekeeper delta=3h51m28s369ms357µs300ns).
2026-02-04 18:52:54 [HikariPool-1 housekeeper] WARN  com.zaxxer.hikari.pool.HikariPool - HikariPool-1 - Thread starvation or clock leap detected (housekeeper delta=5h17m55s191ms435µs400ns).
2026-02-04 18:53:18 [SpringApplicationShutdownHook] INFO  o.s.o.j.LocalContainerEntityManagerFactoryBean - Closing JPA EntityManagerFactory for persistence unit 'default'
2026-02-04 18:53:18 [SpringApplicationShutdownHook] INFO  com.zaxxer.hikari.HikariDataSource - HikariPool-1 - Shutdown initiated...
2026-02-04 18:53:18 [SpringApplicationShutdownHook] INFO  com.zaxxer.hikari.HikariDataSource - HikariPool-1 - Shutdown completed.
2026-02-04 19:06:10 [restartedMain] INFO  c.i.p.InternshipPlacementPortalApplication - Starting InternshipPlacementPortalApplication using Java 17.0.12 with PID 12452 (D:\new\Internship-Industrial-Training-Platform-main\target\classes started by Adhokshaj in D:\new\Internship-Industrial-Training-Platform-main)
2026-02-04 19:06:10 [restartedMain] DEBUG c.i.p.InternshipPlacementPortalApplication - Running with Spring Boot v3.2.2, Spring v6.1.3
2026-02-04 19:06:10 [restartedMain] INFO  c.i.p.InternshipPlacementPortalApplication - No active profile set, falling back to 1 default profile: "default"
2026-02-04 19:06:10 [restartedMain] INFO  o.s.b.d.e.DevToolsPropertyDefaultsPostProcessor - Devtools property defaults active! Set 'spring.devtools.add-properties' to 'false' to disable
2026-02-04 19:06:10 [restartedMain] INFO  o.s.b.d.e.DevToolsPropertyDefaultsPostProcessor - For additional web related logging consider setting the 'logging.level.web' property to 'DEBUG'
2026-02-04 19:06:11 [restartedMain] INFO  o.s.d.r.c.RepositoryConfigurationDelegate - Multiple Spring Data modules found, entering strict repository configuration mode
2026-02-04 19:06:11 [restartedMain] INFO  o.s.d.r.c.RepositoryConfigurationDelegate - Bootstrapping Spring Data JDBC repositories in DEFAULT mode.
2026-02-04 19:06:11 [restartedMain] INFO  o.s.d.r.c.RepositoryConfigurationExtensionSupport - Spring Data JDBC - Could not safely identify store assignment for repository candidate interface com.internship.portal.faculty.FacultyRepository; If you want this repository to be a JDBC repository, consider annotating your entities with one of these annotations: org.springframework.data.relational.core.mapping.Table.
2026-02-04 19:06:11 [restartedMain] INFO  o.s.d.r.c.RepositoryConfigurationExtensionSupport - Spring Data JDBC - Could not safely identify store assignment for repository candidate interface com.internship.portal.opportunity.application.ApplicationRepository; If you want this repository to be a JDBC repository, consider annotating your entities with one of these annotations: org.springframework.data.relational.core.mapping.Table.
2026-02-04 19:06:11 [restartedMain] INFO  o.s.d.r.c.RepositoryConfigurationExtensionSupport - Spring Data JDBC - Could not safely identify store assignment for repository candidate interface com.internship.portal.opportunity.OpportunityRepository; If you want this repository to be a JDBC repository, consider annotating your entities with one of these annotations: org.springframework.data.relational.core.mapping.Table.
2026-02-04 19:06:11 [restartedMain] INFO  o.s.d.r.c.RepositoryConfigurationExtensionSupport - Spring Data JDBC - Could not safely identify store assignment for repository candidate interface com.internship.portal.placementcell.PlacementCellRepository; If you want this repository to be a JDBC repository, consider annotating your entities with one of these annotations: org.springframework.data.relational.core.mapping.Table.
2026-02-04 19:06:11 [restartedMain] INFO  o.s.d.r.c.RepositoryConfigurationExtensionSupport - Spring Data JDBC - Could not safely identify store assignment for repository candidate interface com.internship.portal.student.StudentRepository; If you want this repository to be a JDBC repository, consider annotating your entities with one of these annotations: org.springframework.data.relational.core.mapping.Table.
2026-02-04 19:06:11 [restartedMain] INFO  o.s.d.r.c.RepositoryConfigurationExtensionSupport - Spring Data JDBC - Could not safely identify store assignment for repository candidate interface com.internship.portal.user.UserRepository; If you want this repository to be a JDBC repository, consider annotating your entities with one of these annotations: org.springframework.data.relational.core.mapping.Table.
2026-02-04 19:06:11 [restartedMain] INFO  o.s.d.r.c.RepositoryConfigurationDelegate - Finished Spring Data repository scanning in 39 ms. Found 0 JDBC repository interfaces.
2026-02-04 19:06:11 [restartedMain] INFO  o.s.d.r.c.RepositoryConfigurationDelegate - Multiple Spring Data modules found, entering strict repository configuration mode
2026-02-04 19:06:11 [restartedMain] INFO  o.s.d.r.c.RepositoryConfigurationDelegate - Bootstrapping Spring Data JPA repositories in DEFAULT mode.
2026-02-04 19:06:11 [restartedMain] INFO  o.s.d.r.c.RepositoryConfigurationDelegate - Finished Spring Data repository scanning in 35 ms. Found 6 JPA repository interfaces.
2026-02-04 19:06:12 [restartedMain] INFO  o.s.b.w.e.tomcat.TomcatWebServer - Tomcat initialized with port 8080 (http)
2026-02-04 19:06:12 [restartedMain] INFO  o.a.catalina.core.StandardService - Starting service [Tomcat]
2026-02-04 19:06:12 [restartedMain] INFO  o.a.catalina.core.StandardEngine - Starting Servlet engine: [Apache Tomcat/10.1.18]
2026-02-04 19:06:12 [restartedMain] INFO  o.a.c.c.C.[Tomcat].[localhost].[/] - Initializing Spring embedded WebApplicationContext
2026-02-04 19:06:12 [restartedMain] INFO  o.s.b.w.s.c.ServletWebServerApplicationContext - Root WebApplicationContext: initialization completed in 2041 ms
2026-02-04 19:06:12 [restartedMain] INFO  o.h.jpa.internal.util.LogHelper - HHH000204: Processing PersistenceUnitInfo [name: default]
2026-02-04 19:06:12 [restartedMain] INFO  org.hibernate.Version - HHH000412: Hibernate ORM core version 6.4.1.Final
2026-02-04 19:06:12 [restartedMain] INFO  o.h.c.i.RegionFactoryInitiator - HHH000026: Second-level cache disabled
2026-02-04 19:06:13 [restartedMain] INFO  o.s.o.j.p.SpringPersistenceUnitInfo - No LoadTimeWeaver setup: ignoring JPA class transformer
2026-02-04 19:06:13 [restartedMain] INFO  com.zaxxer.hikari.HikariDataSource - HikariPool-1 - Starting...
2026-02-04 19:06:13 [restartedMain] INFO  com.zaxxer.hikari.pool.HikariPool - HikariPool-1 - Added connection org.postgresql.jdbc.PgConnection@72d5b4fe
2026-02-04 19:06:13 [restartedMain] INFO  com.zaxxer.hikari.HikariDataSource - HikariPool-1 - Start completed.
2026-02-04 19:06:13 [restartedMain] WARN  org.hibernate.orm.deprecation - HHH90000025: PostgreSQLDialect does not need to be specified explicitly using 'hibernate.dialect' (remove the property setting and it will be selected by default)
2026-02-04 19:06:14 [restartedMain] INFO  o.h.e.t.j.p.i.JtaPlatformInitiator - HHH000489: No JTA platform available (set 'hibernate.transaction.jta.platform' to enable JTA platform integration)
2026-02-04 19:06:14 [restartedMain] INFO  o.s.o.j.LocalContainerEntityManagerFactoryBean - Initialized JPA EntityManagerFactory for persistence unit 'default'
2026-02-04 19:06:14 [restartedMain] DEBUG c.i.p.s.JwtAuthenticationFilter - Filter 'jwtAuthenticationFilter' configured for use
2026-02-04 19:06:14 [restartedMain] DEBUG o.s.w.f.ServerHttpObservationFilter - Filter 'webMvcObservationFilter' configured for use
2026-02-04 19:06:15 [restartedMain] INFO  c.i.p.service.FileStorageService - File storage directories created successfully
2026-02-04 19:06:15 [restartedMain] WARN  o.s.b.a.o.j.JpaBaseConfiguration$JpaWebConfiguration - spring.jpa.open-in-view is enabled by default. Therefore, database queries may be performed during view rendering. Explicitly configure spring.jpa.open-in-view to disable this warning
2026-02-04 19:06:15 [restartedMain] DEBUG o.s.w.s.m.m.a.RequestMappingHandlerMapping - 34 mappings in 'requestMappingHandlerMapping'
2026-02-04 19:06:15 [restartedMain] DEBUG o.s.w.s.h.SimpleUrlHandlerMapping - Patterns [/webjars/**, /**, /swagger-ui*/*swagger-initializer.js, /swagger-ui*/**] in 'resourceHandlerMapping'
2026-02-04 19:06:15 [restartedMain] INFO  o.s.b.a.e.web.EndpointLinksResolver - Exposing 3 endpoint(s) beneath base path '/actuator'
2026-02-04 19:06:15 [restartedMain] INFO  o.s.s.web.DefaultSecurityFilterChain - Will secure any request with [org.springframework.security.web.session.DisableEncodeUrlFilter@db3f478, org.springframework.security.web.context.request.async.WebAsyncManagerIntegrationFilter@681ba97b, org.springframework.security.web.context.SecurityContextHolderFilter@67182dd4, org.springframework.security.web.header.HeaderWriterFilter@65bcf933, org.springframework.web.filter.CorsFilter@4aa877bc, org.springframework.web.filter.CorsFilter@568c0e1f, org.springframework.security.web.authentication.logout.LogoutFilter@61d2eee6, com.internship.portal.security.JwtAuthenticationFilter@414d7c8a, org.springframework.security.web.savedrequest.RequestCacheAwareFilter@493aba9, org.springframework.security.web.servletapi.SecurityContextHolderAwareRequestFilter@1a9c5606, org.springframework.security.web.authentication.AnonymousAuthenticationFilter@440e3082, org.springframework.security.web.session.SessionManagementFilter@6e261a18, org.springframework.security.web.access.ExceptionTranslationFilter@4117f692, org.springframework.security.web.access.intercept.AuthorizationFilter@6cd29c8d]
2026-02-04 19:06:16 [restartedMain] DEBUG o.s.w.s.m.m.a.RequestMappingHandlerAdapter - ControllerAdvice beans: 0 @ModelAttribute, 0 @InitBinder, 1 RequestBodyAdvice, 1 ResponseBodyAdvice
2026-02-04 19:06:16 [restartedMain] DEBUG o.s.w.s.m.m.a.ExceptionHandlerExceptionResolver - ControllerAdvice beans: 2 @ExceptionHandler, 1 ResponseBodyAdvice
2026-02-04 19:06:16 [restartedMain] INFO  o.s.b.d.a.OptionalLiveReloadServer - LiveReload server is running on port 35729
2026-02-04 19:06:16 [restartedMain] INFO  o.s.b.w.e.tomcat.TomcatWebServer - Tomcat started on port 8080 (http) with context path ''
2026-02-04 19:06:16 [restartedMain] INFO  c.i.p.InternshipPlacementPortalApplication - Started InternshipPlacementPortalApplication in 6.386 seconds (process running for 6.847)
2026-02-04 19:06:40 [http-nio-8080-exec-1] INFO  o.a.c.c.C.[Tomcat].[localhost].[/] - Initializing Spring DispatcherServlet 'dispatcherServlet'
2026-02-04 19:06:40 [http-nio-8080-exec-1] INFO  o.s.web.servlet.DispatcherServlet - Initializing Servlet 'dispatcherServlet'
2026-02-04 19:06:40 [http-nio-8080-exec-1] DEBUG o.s.web.servlet.DispatcherServlet - Detected StandardServletMultipartResolver
2026-02-04 19:06:40 [http-nio-8080-exec-1] DEBUG o.s.web.servlet.DispatcherServlet - Detected AcceptHeaderLocaleResolver
2026-02-04 19:06:40 [http-nio-8080-exec-1] DEBUG o.s.web.servlet.DispatcherServlet - Detected FixedThemeResolver
2026-02-04 19:06:40 [http-nio-8080-exec-1] DEBUG o.s.web.servlet.DispatcherServlet - Detected org.springframework.web.servlet.view.DefaultRequestToViewNameTranslator@13f29417
2026-02-04 19:06:40 [http-nio-8080-exec-1] DEBUG o.s.web.servlet.DispatcherServlet - Detected org.springframework.web.servlet.support.SessionFlashMapManager@24f74da7
2026-02-04 19:06:40 [http-nio-8080-exec-1] DEBUG o.s.web.servlet.DispatcherServlet - enableLoggingRequestDetails='false': request parameters and headers will be masked to prevent unsafe logging of potentially sensitive data
2026-02-04 19:06:40 [http-nio-8080-exec-1] INFO  o.s.web.servlet.DispatcherServlet - Completed initialization in 6 ms
2026-02-04 19:06:40 [http-nio-8080-exec-1] DEBUG o.s.security.web.FilterChainProxy - Securing POST /api/v1/auth/register
2026-02-04 19:06:40 [http-nio-8080-exec-1] DEBUG o.s.s.w.a.AnonymousAuthenticationFilter - Set SecurityContextHolder to anonymous SecurityContext
2026-02-04 19:06:40 [http-nio-8080-exec-1] DEBUG o.s.security.web.FilterChainProxy - Secured POST /api/v1/auth/register
2026-02-04 19:06:40 [http-nio-8080-exec-1] DEBUG o.s.web.servlet.DispatcherServlet - POST "/api/v1/auth/register", parameters={}
2026-02-04 19:06:40 [http-nio-8080-exec-1] DEBUG o.s.w.s.m.m.a.RequestMappingHandlerMapping - Mapped to com.internship.portal.user.AuthController#register(RegisterRequest)
2026-02-04 19:06:40 [http-nio-8080-exec-1] DEBUG o.s.w.s.m.m.a.RequestResponseBodyMethodProcessor - Read "application/json;charset=UTF-8" to [RegisterRequest(email=test@123.com, password=Test@123, role=STUDENT)]
2026-02-04 19:06:40 [http-nio-8080-exec-1] INFO  c.i.portal.user.AuthController - Registration request received for email: test@123.com
2026-02-04 19:06:40 [http-nio-8080-exec-1] INFO  c.i.portal.service.AuthService - Registering new user with email: test@123.com
2026-02-04 19:06:40 [http-nio-8080-exec-1] DEBUG org.hibernate.SQL - 
    select
        u1_0.id,
        u1_0.created_at,
        u1_0.email,
        u1_0.is_active,
        u1_0.is_verified,
        u1_0.password,
        u1_0.role,
        u1_0.updated_at 
    from
        users u1_0 
    where
        u1_0.email=?
2026-02-04 19:06:40 [http-nio-8080-exec-1] DEBUG org.hibernate.SQL - 
    insert 
    into
        users
        (created_at, email, is_active, is_verified, password, role, updated_at) 
    values
        (?, ?, ?, ?, ?, ?, ?)
2026-02-04 19:06:40 [http-nio-8080-exec-1] INFO  c.i.portal.service.AuthService - User registered successfully with ID: 2
2026-02-04 19:06:40 [http-nio-8080-exec-1] DEBUG org.hibernate.SQL - 
    select
        u1_0.id,
        u1_0.created_at,
        u1_0.email,
        u1_0.is_active,
        u1_0.is_verified,
        u1_0.password,
        u1_0.role,
        u1_0.updated_at 
    from
        users u1_0 
    where
        u1_0.email=?
2026-02-04 19:06:41 [http-nio-8080-exec-1] DEBUG o.s.w.s.m.m.a.HttpEntityMethodProcessor - Using 'application/json', given [application/json, text/plain, */*] and supported [application/json, application/*+json]
2026-02-04 19:06:41 [http-nio-8080-exec-1] DEBUG o.s.w.s.m.m.a.HttpEntityMethodProcessor - Writing [AuthResponse(accessToken=eyJhbGciOiJIUzI1NiJ9.eyJzdWIiOiJ0ZXN0QDEyMy5jb20iLCJpYXQiOjE3NzAyMTIyMDEsIm (truncated)...]
2026-02-04 19:06:41 [http-nio-8080-exec-1] DEBUG o.s.web.servlet.DispatcherServlet - Completed 201 CREATED
2026-02-04 19:06:41 [http-nio-8080-exec-3] DEBUG o.s.security.web.FilterChainProxy - Securing GET /api/v1/auth/me
2026-02-04 19:06:41 [http-nio-8080-exec-3] DEBUG org.hibernate.SQL - 
    select
        u1_0.id,
        u1_0.created_at,
        u1_0.email,
        u1_0.is_active,
        u1_0.is_verified,
        u1_0.password,
        u1_0.role,
        u1_0.updated_at 
    from
        users u1_0 
    where
        u1_0.email=?
2026-02-04 19:06:41 [http-nio-8080-exec-3] DEBUG c.i.p.s.JwtAuthenticationFilter - User 'test@123.com' authenticated successfully
2026-02-04 19:06:41 [http-nio-8080-exec-3] DEBUG o.s.security.web.FilterChainProxy - Secured GET /api/v1/auth/me
2026-02-04 19:06:41 [http-nio-8080-exec-3] DEBUG o.s.web.servlet.DispatcherServlet - GET "/api/v1/auth/me", parameters={}
2026-02-04 19:06:41 [http-nio-8080-exec-3] DEBUG o.s.w.s.m.m.a.RequestMappingHandlerMapping - Mapped to com.internship.portal.user.AuthController#getCurrentUser()
2026-02-04 19:06:41 [http-nio-8080-exec-3] DEBUG c.internship.portal.user.UserService - Fetching user by email: test@123.com
2026-02-04 19:06:41 [http-nio-8080-exec-3] DEBUG org.hibernate.SQL - 
    select
        u1_0.id,
        u1_0.created_at,
        u1_0.email,
        u1_0.is_active,
        u1_0.is_verified,
        u1_0.password,
        u1_0.role,
        u1_0.updated_at 
    from
        users u1_0 
    where
        u1_0.email=?
2026-02-04 19:06:41 [http-nio-8080-exec-3] DEBUG o.s.w.s.m.m.a.HttpEntityMethodProcessor - Using 'application/json', given [application/json, text/plain, */*] and supported [application/json, application/*+json]
2026-02-04 19:06:41 [http-nio-8080-exec-3] DEBUG o.s.w.s.m.m.a.HttpEntityMethodProcessor - Writing [User(id=2, email=test@123.com, password=$2a$10$hCy4G4Mr9ec1WiOEhbzVeeToSFQrWjLlziocd9HMM/Gh2VcCfXe5a (truncated)...]
2026-02-04 19:06:41 [http-nio-8080-exec-3] DEBUG o.s.web.servlet.DispatcherServlet - Completed 200 OK
2026-02-04 19:06:41 [http-nio-8080-exec-2] DEBUG o.s.security.web.FilterChainProxy - Securing GET /api/v1/auth/me
2026-02-04 19:06:41 [http-nio-8080-exec-2] DEBUG org.hibernate.SQL - 
    select
        u1_0.id,
        u1_0.created_at,
        u1_0.email,
        u1_0.is_active,
        u1_0.is_verified,
        u1_0.password,
        u1_0.role,
        u1_0.updated_at 
    from
        users u1_0 
    where
        u1_0.email=?
2026-02-04 19:06:41 [http-nio-8080-exec-2] DEBUG c.i.p.s.JwtAuthenticationFilter - User 'test@123.com' authenticated successfully
2026-02-04 19:06:41 [http-nio-8080-exec-2] DEBUG o.s.security.web.FilterChainProxy - Secured GET /api/v1/auth/me
2026-02-04 19:06:41 [http-nio-8080-exec-2] DEBUG o.s.web.servlet.DispatcherServlet - GET "/api/v1/auth/me", parameters={}
2026-02-04 19:06:41 [http-nio-8080-exec-2] DEBUG o.s.w.s.m.m.a.RequestMappingHandlerMapping - Mapped to com.internship.portal.user.AuthController#getCurrentUser()
2026-02-04 19:06:41 [http-nio-8080-exec-2] DEBUG c.internship.portal.user.UserService - Fetching user by email: test@123.com
2026-02-04 19:06:41 [http-nio-8080-exec-2] DEBUG org.hibernate.SQL - 
    select
        u1_0.id,
        u1_0.created_at,
        u1_0.email,
        u1_0.is_active,
        u1_0.is_verified,
        u1_0.password,
        u1_0.role,
        u1_0.updated_at 
    from
        users u1_0 
    where
        u1_0.email=?
2026-02-04 19:06:41 [http-nio-8080-exec-2] DEBUG o.s.w.s.m.m.a.HttpEntityMethodProcessor - Using 'application/json', given [application/json, text/plain, */*] and supported [application/json, application/*+json]
2026-02-04 19:06:41 [http-nio-8080-exec-2] DEBUG o.s.w.s.m.m.a.HttpEntityMethodProcessor - Writing [User(id=2, email=test@123.com, password=$2a$10$hCy4G4Mr9ec1WiOEhbzVeeToSFQrWjLlziocd9HMM/Gh2VcCfXe5a (truncated)...]
2026-02-04 19:06:41 [http-nio-8080-exec-2] DEBUG o.s.web.servlet.DispatcherServlet - Completed 200 OK
2026-02-04 19:07:17 [http-nio-8080-exec-4] DEBUG o.s.security.web.FilterChainProxy - Securing POST /api/v1/auth/login
2026-02-04 19:07:17 [http-nio-8080-exec-4] DEBUG o.s.s.w.a.AnonymousAuthenticationFilter - Set SecurityContextHolder to anonymous SecurityContext
2026-02-04 19:07:17 [http-nio-8080-exec-4] DEBUG o.s.security.web.FilterChainProxy - Secured POST /api/v1/auth/login
2026-02-04 19:07:17 [http-nio-8080-exec-4] DEBUG o.s.web.servlet.DispatcherServlet - POST "/api/v1/auth/login", parameters={}
2026-02-04 19:07:17 [http-nio-8080-exec-4] DEBUG o.s.w.s.m.m.a.RequestMappingHandlerMapping - Mapped to com.internship.portal.user.AuthController#login(LoginRequest)
2026-02-04 19:07:17 [http-nio-8080-exec-4] DEBUG o.s.w.s.m.m.a.RequestResponseBodyMethodProcessor - Read "application/json;charset=UTF-8" to [LoginRequest(email=test@123.com, password=Test@123)]
2026-02-04 19:07:17 [http-nio-8080-exec-4] INFO  c.i.portal.user.AuthController - Login request received for email: test@123.com
2026-02-04 19:07:17 [http-nio-8080-exec-4] INFO  c.i.portal.service.AuthService - User login attempt: test@123.com
2026-02-04 19:07:17 [http-nio-8080-exec-4] DEBUG org.hibernate.SQL - 
    select
        u1_0.id,
        u1_0.created_at,
        u1_0.email,
        u1_0.is_active,
        u1_0.is_verified,
        u1_0.password,
        u1_0.role,
        u1_0.updated_at 
    from
        users u1_0 
    where
        u1_0.email=?
2026-02-04 19:07:17 [http-nio-8080-exec-4] DEBUG o.s.s.a.d.DaoAuthenticationProvider - Authenticated user
2026-02-04 19:07:17 [http-nio-8080-exec-4] DEBUG org.hibernate.SQL - 
    select
        u1_0.id,
        u1_0.created_at,
        u1_0.email,
        u1_0.is_active,
        u1_0.is_verified,
        u1_0.password,
        u1_0.role,
        u1_0.updated_at 
    from
        users u1_0 
    where
        u1_0.email=?
2026-02-04 19:07:18 [http-nio-8080-exec-4] INFO  c.i.portal.service.AuthService - User logged in successfully: test@123.com
2026-02-04 19:07:18 [http-nio-8080-exec-4] DEBUG o.s.w.s.m.m.a.HttpEntityMethodProcessor - Using 'application/json', given [application/json, text/plain, */*] and supported [application/json, application/*+json]
2026-02-04 19:07:18 [http-nio-8080-exec-4] DEBUG o.s.w.s.m.m.a.HttpEntityMethodProcessor - Writing [AuthResponse(accessToken=eyJhbGciOiJIUzI1NiJ9.eyJzdWIiOiJ0ZXN0QDEyMy5jb20iLCJpYXQiOjE3NzAyMTIyMzcsIm (truncated)...]
2026-02-04 19:07:18 [http-nio-8080-exec-4] DEBUG o.s.web.servlet.DispatcherServlet - Completed 200 OK
2026-02-04 19:07:18 [http-nio-8080-exec-5] DEBUG o.s.security.web.FilterChainProxy - Securing GET /api/v1/auth/me
2026-02-04 19:07:18 [http-nio-8080-exec-5] DEBUG org.hibernate.SQL - 
    select
        u1_0.id,
        u1_0.created_at,
        u1_0.email,
        u1_0.is_active,
        u1_0.is_verified,
        u1_0.password,
        u1_0.role,
        u1_0.updated_at 
    from
        users u1_0 
    where
        u1_0.email=?
2026-02-04 19:07:18 [http-nio-8080-exec-5] DEBUG c.i.p.s.JwtAuthenticationFilter - User 'test@123.com' authenticated successfully
2026-02-04 19:07:18 [http-nio-8080-exec-5] DEBUG o.s.security.web.FilterChainProxy - Secured GET /api/v1/auth/me
2026-02-04 19:07:18 [http-nio-8080-exec-5] DEBUG o.s.web.servlet.DispatcherServlet - GET "/api/v1/auth/me", parameters={}
2026-02-04 19:07:18 [http-nio-8080-exec-5] DEBUG o.s.w.s.m.m.a.RequestMappingHandlerMapping - Mapped to com.internship.portal.user.AuthController#getCurrentUser()
2026-02-04 19:07:18 [http-nio-8080-exec-5] DEBUG c.internship.portal.user.UserService - Fetching user by email: test@123.com
2026-02-04 19:07:18 [http-nio-8080-exec-5] DEBUG org.hibernate.SQL - 
    select
        u1_0.id,
        u1_0.created_at,
        u1_0.email,
        u1_0.is_active,
        u1_0.is_verified,
        u1_0.password,
        u1_0.role,
        u1_0.updated_at 
    from
        users u1_0 
    where
        u1_0.email=?
2026-02-04 19:07:18 [http-nio-8080-exec-5] DEBUG o.s.w.s.m.m.a.HttpEntityMethodProcessor - Using 'application/json', given [application/json, text/plain, */*] and supported [application/json, application/*+json]
2026-02-04 19:07:18 [http-nio-8080-exec-5] DEBUG o.s.w.s.m.m.a.HttpEntityMethodProcessor - Writing [User(id=2, email=test@123.com, password=$2a$10$hCy4G4Mr9ec1WiOEhbzVeeToSFQrWjLlziocd9HMM/Gh2VcCfXe5a (truncated)...]
2026-02-04 19:07:18 [http-nio-8080-exec-5] DEBUG o.s.web.servlet.DispatcherServlet - Completed 200 OK
2026-02-04 19:07:18 [http-nio-8080-exec-6] DEBUG o.s.security.web.FilterChainProxy - Securing GET /api/v1/auth/me
2026-02-04 19:07:18 [http-nio-8080-exec-6] DEBUG org.hibernate.SQL - 
    select
        u1_0.id,
        u1_0.created_at,
        u1_0.email,
        u1_0.is_active,
        u1_0.is_verified,
        u1_0.password,
        u1_0.role,
        u1_0.updated_at 
    from
        users u1_0 
    where
        u1_0.email=?
2026-02-04 19:07:18 [http-nio-8080-exec-6] DEBUG c.i.p.s.JwtAuthenticationFilter - User 'test@123.com' authenticated successfully
2026-02-04 19:07:18 [http-nio-8080-exec-6] DEBUG o.s.security.web.FilterChainProxy - Secured GET /api/v1/auth/me
2026-02-04 19:07:18 [http-nio-8080-exec-6] DEBUG o.s.web.servlet.DispatcherServlet - GET "/api/v1/auth/me", parameters={}
2026-02-04 19:07:18 [http-nio-8080-exec-6] DEBUG o.s.w.s.m.m.a.RequestMappingHandlerMapping - Mapped to com.internship.portal.user.AuthController#getCurrentUser()
2026-02-04 19:07:18 [http-nio-8080-exec-6] DEBUG c.internship.portal.user.UserService - Fetching user by email: test@123.com
2026-02-04 19:07:18 [http-nio-8080-exec-6] DEBUG org.hibernate.SQL - 
    select
        u1_0.id,
        u1_0.created_at,
        u1_0.email,
        u1_0.is_active,
        u1_0.is_verified,
        u1_0.password,
        u1_0.role,
        u1_0.updated_at 
    from
        users u1_0 
    where
        u1_0.email=?
2026-02-04 19:07:18 [http-nio-8080-exec-6] DEBUG o.s.w.s.m.m.a.HttpEntityMethodProcessor - Using 'application/json', given [application/json, text/plain, */*] and supported [application/json, application/*+json]
2026-02-04 19:07:18 [http-nio-8080-exec-6] DEBUG o.s.w.s.m.m.a.HttpEntityMethodProcessor - Writing [User(id=2, email=test@123.com, password=$2a$10$hCy4G4Mr9ec1WiOEhbzVeeToSFQrWjLlziocd9HMM/Gh2VcCfXe5a (truncated)...]
2026-02-04 19:07:18 [http-nio-8080-exec-6] DEBUG o.s.web.servlet.DispatcherServlet - Completed 200 OK
2026-02-04 19:11:24 [SpringApplicationShutdownHook] INFO  o.s.o.j.LocalContainerEntityManagerFactoryBean - Closing JPA EntityManagerFactory for persistence unit 'default'
2026-02-04 19:11:24 [SpringApplicationShutdownHook] INFO  com.zaxxer.hikari.HikariDataSource - HikariPool-1 - Shutdown initiated...
2026-02-04 19:11:24 [SpringApplicationShutdownHook] INFO  com.zaxxer.hikari.HikariDataSource - HikariPool-1 - Shutdown completed.
